name,description, S.Price ,In stock, Offah.com Price ,Offah.com In Stock, Gourmetegypt.com Price ,Gourmetegypt In Stock, Healthharveststore.com Price ,Healthharveststore.com In Stock,Imtenan.com Price,Imtenan.com In Stock,Knockmart.com Prices,Knockmart.com In Stock,Beqala.com Prices,Beqala.com In Stock
ACAIBERRYJUICE,NAN,30.0,No,,,30,Yes,,,,,,,,
ACTIBIFCHEESEFORBETTERDIGESTION,250G WITH INTESTINAL FLORA,68.0,Yes,,,,,,,,,,,,
ADUKIBEANS,500G,44.0,Yes,,,39,Yes, Not posted ,Yes,,,,,,
AGARAGARFLAKESHANDHARVESTEDWILD,28G,86.0,Yes,,,,, Not posted ,Yes,,,,,,
ALMONDBISCUTISGLUTENFREETRACESOFGLUTEN,NAN,23.0,No,,,,,,,,,,,,
ALMONDBUTTER,350G CONTAINS WHEY PROTEIN AND STEVIA,65.0,Yes,,,,,,,,,,,,
ALMONDBUTTERWITHCINAMONRAISINNATURAL,350G CONTAINS WHEY PROTEIN AND STEVIA,75.0,Yes,,,,,,,,,,,,
ALMONDMILKORIGINAL,250ML,10.0,No,,,9.75,Yes,,,,,,,,
AMARANTH,680G,92.0,Yes,,,,, Not posted ,Yes,,,,,,
AMINOFUELANABOLICLIQUID,948 ML,328.0,Yes,,,,,,,,,,,,
ANIMALSHAPEDBISCUITSGLUTENFREE,125G,29.0,No,,,,,,,,,,,,
ANTISEPTICCREAMWITHTEATREEOIL118ML,118ML,33.9,No,,,,,70,Yes,,,,,,
APPLEANDCINNAMONHERBALTEAORGANIC,20 BAGS ORGANIC,28.0,No,,,,,,,,,,,,
APPRICOT,500G,10.0,Yes,,,,,,,,,,,,
APRICOTJAMNATURAL,500 G HOMEMADE,60.0,Yes,,,,,,,,,,,,
ARUGULACHEMICALFREE,250 G,5.5,No,,,,,,,,,,,,
AUBERGENEROUMYORGANIC,500G,12.0,Yes,,,12,Yes,,,,,,,,
BABYBLACKAUBERGENECHEMICALFREE,250G,7.5,No,,,,,,,,,,,,
BABYBLACKAUBERGINECHEMICALFREEROUND,250G,8.0,No,,,,,,,,,,,,
BABYCARROT,500G,8.0,No,,,,,,,,,,,,
BABYCORNCHEMICALFREE,250G,18.0,No,,,,,,,,,,,,
BABYONIONS,500 GM,4.0,Yes,,,,,,,,,,,,
BABYPOTATOESCHEMICALFREE,500 G,5.5,No,,,11,Yes,,,,,,,,
BABYSTRIPEDAUBEGENECHEMICALFREE,250G,15.0,No,,,,,,,,,,,,
BABYYELLOWZUCCHINICHEMICALFREE,250G,30.0,No,,,,,,,,,,,,
BALADYEGGSINAHANDMADEPLATECHEMICALFREE,10 EGGS IN NATURAL HAND MADE WOODEN PLATE,22.0,Yes,,,,,,,65.0,Yes,,,,
BALADYLETTUCECHEMICALFREE,PER PACK,6.0,No,,,,,,,,,,,,
BANANABREADGLUTENFREETRACESOFGLUTEN,NAN,28.0,Yes,,,,,,,,,,,,
BANANACHIPS,283 G,47.0,Yes,,,,,,,,,,,,
BASILLEAVES,NAN,11.0,Yes,,,12,Yes,,,,,,,,
BASMATIRICEWHITE,1KG,37.5,No,,,38,Yes,,,,,,,31.51,Yes
BEEPOLLENDUSTEGYPTIAN140G,135GM ,74.0,No,,,,,,,,,,,,
BEEPOLLENGRANULES,NAN,40.0,Yes,,,,,,,,,,,,
BEEFFILLETCUBESCHEMICALFREEFROZEN,500 G,96.0,Yes,,,,,,,,,,,,
BEEFSHANKSCHEMICALFREEFROZEN,"500 G
<P>FREE RANGE 100% GRASS FED</P>",54.0,Yes,,,,,,,,,,,,
BEETROOTPOWDER,"50G
<P><SPAN STYLE=""FONT-SIZE: 9PT; FONT-FAMILY: CALIBRI, SANS-SERIF;"">HEALTH BENEFITS</SPAN></P>

<P><SPAN STYLE=""FONT-SIZE: 9PT; FONT-FAMILY: CALIBRI, SANS-SERIF;"">-GOOD FOR ANEMIA AND LOW BLOOD HEMOGLOBIN</SPAN></P>

<P><SPAN STYLE=""FONT-SIZE: 9PT; FONT-FAMILY: CALIBRI, SANS-SERIF;"">-CANCER PREVENTION</SPAN></P>

<P><SPAN STYLE=""FONT-SIZE: 9PT; FONT-FAMILY: CALIBRI, SANS-SERIF;"">-BOOSTS STAMINA</SPAN></P>

<P><SPAN STYLE=""FONT-SIZE: 9PT; FONT-FAMILY: CALIBRI, SANS-SERIF;"">-AID LIVER AND KIDNEY FUNCTIONS</SPAN></P>

<P><SPAN STYLE=""FONT-SIZE: 9PT; FONT-FAMILY: CALIBRI, SANS-SERIF;"">?</SPAN></P>

<P><SPAN STYLE=""FONT-SIZE: 9PT; FONT-FAMILY: CALIBRI, SANS-SERIF;"">INDICATION</SPAN></P>

<P><SPAN STYLE=""FONT-SIZE: 9PT; FONT-FAMILY: CALIBRI, SANS-SERIF;"">-TWO TABLETS A DAY OR 1/2 TSP ON A CUP OF WATER TWICE DAILY</SPAN></P>

<P CLASS=""MSONORMAL""><SPAN STYLE=""FONT-SIZE: 14.0PT; LINE-HEIGHT: 115%;"">?</SPAN></P>",44.0,Yes,,,,,,,,,,,,
BEETROOTCHEMICALFREE,250 G,5.5,No,,,,,,,,,,,,
BENTONITECLAYSOAP,NAN,25.0,Yes,,,,,,,,,,,,
BLACKOLIVESNATURAL,500 G,45.0,Yes,,,,,,,,,,,11.0,Yes
BLACKPEPPERGROUND,NAN,13.0,Yes,,,15,No,,,,,,,14.5,Yes
BLACKPEPPERGRINDER,NAN,41.0,Yes,,,41,Yes,,,,,,,,
BLACKPEPPERCORN,NAN,35.4,No,,,,,,,,,,,,
BLACKSEEDSEGYPTIAN,100 G,11.0,Yes,,,14.5,Yes,,,,,,,9.23,Yes
BLACKTEAORGANIC,40 TEA BAGS,35.0,No,,,37,Yes,,,,,,,,
BLUEAGAVESYRUPRAWORGANIC,333G,62.0,Yes,,,54.57,Yes, Not posted ,Yes,,,,,,
BLUEBERRYJUICE,1 LITER,30.0,No,,,30,Yes,,,,,,,,
BODYBUTTERWITHVANILLA,120 ML,90.0,Yes,,,,,,,,,,,,
BODYBUTTERWITHWHITEMUSKANDBROWNSUGAR,120 ML,90.0,Yes,,,,,,,,,,,,
BODYLOTIONWITHGREENTEALEMONGRASS,"250ML
<P>100% NATURAL</P>",120.0,Yes,,,,,,,,,,,,
BODYMASSAGEOILLAVANDER,125 ML,70.0,Yes,,,,,,,,,,,,
BODYMASSAGEOILWITHREDROSEEFFECT,125 ML,70.0,Yes,,,,,,,,,,,,
BODYOILWITHCOCONUTHEALING,125 ML,72.0,Yes,,,,,,,,,,,,
BODYSCRUBWITHALMONDANDOAT,250 G,70.0,Yes,,,,,,,,,,,,
BODYSCRUBWITHCOFFEEVANILLAANTICELLULITE,250 ML,70.0,Yes,,,,,,,,,,,,
BODYSCRUBWITHGREENTEALEMONGRASS,250G 100% NATURAL,65.0,Yes,,,,,,,,,,,,
BOLTIFILLETCHEMICALFREE,500 G,56.0,No,,,,,,,,,,,,
BREADMIXHEARTLYWHOLEGRAIN,567G,52.0,Yes,,,,,35,Yes,,,,,,
BREADCRUMBSGLUTENFREE,300 G,48.0,No,,,,,,,,,,,,
BROCCOLIROMANESCOCHEMICALFREE,250 G,30.0,No,,,,,,,,,,,,
BROWNRICESHORTGRAINEGYPTIAN,1KG,24.0,No,,,,,,,,,,,,
BROWNRICECAKESORGANICGLUTENFREE,NAN,42.0,Yes,,,,, Not posted ,Yes,,,,,,
BROWNRICECAKESWITHFLAXANDTAMARIORGANCGLUTENFREE,NAN,42.0,Yes,,,,, Not posted ,Yes,,,,,,
BROWNRICECOUSCOSORGANICGLUTENFREE,198G,38.0,Yes,,,,, Not posted ,Yes,,,,,,
BROWNSUGAR,500GM,13.0,No,,,24,Yes,,,,,,,,
BROWNIEMIXGLUTENFREE595G,595G,62.0,Yes,,,,,55,Yes,,,,,,
BRUSSELSSPROUTSCHEMICALFREE,500 GM,15.0,No,,,,,,,,,,,,
BULGURGOLDEN,793G,62.0,Yes,,,15.06,Yes,,,,,,,,
BURDOCKROOTORGANIC,NAN,84.0,Yes,,,,,,,,,,,,
CAMOMILEANDSPEARMINTHERBALTEAORGANIC,20 BAGS ORGANIC,28.0,No,,,,,,,,,,,,
CARAMELCOOKIESANIMALSHAPEDGLUTENFREE,NAN,46.0,Yes,,,,,,,,,,,,
CARAWAYCHEMICALFREE,100 G,14.0,No,,,,,,,,,,,,
CARDAMOMS,NAN,28.0,Yes,,,43,Yes,,,9.75,Yes,,,12.5,Yes
CARROTCAKEGLUTENFREETRACESOFGLUTEN,NAN,28.0,Yes,,,,,,,,,,,,
CAYENNEPEPPER,50G,16.0,No,,,,,,,,,,,,
CELERYSALT,90G,12.0,Yes,,,,,,,,,,,,
CHERRIES,250G,12.0,Yes,,,11,Yes,,,,,,,,
CHERRYCARROTSCHEMICALFREE,250G,8.0,No,,,,,,,,,,,,
CHERRYJAMNATURAL,500 G HOMEMADE,60.0,Yes,,,58.1,,,,,,,,,
CHERRYTOMATOCHEMICALFREE,250 G,8.0,Yes,11.95,Yes,,,,,,,,,,
CHERRYTOMATOJAM,500 G,60.0,Yes,,,,,,,,,,,,
CHICKENCUTLETSSHISHTAWOOKCHEMICALFREE,1 KG,56.1,No,,,,,,,,,,,,
CHICKENDRUMSTICKS,1KG,41.0,Yes,39,Yes,65,Yes,,,,,,,,
CHICKENDRUMSTICKSCHEMICALFREE,1 KG,40.8,No,,,,,,,,,,,,
CHICKENLIVER,1 KG,41.0,Yes,32.5,Yes,,,,,,,,,,
CHICKENLIVERCHEMICALFREE,500 G,18.0,No,,,,,,,,,,,,
CHICKENMASALA,100 G,14.0,Yes,,,,,,,,,,,,
CHICKENNUGGETSFROZEN,500G,75.0,Yes,,,,,,,,,,,,
CHICKENSTRIPSFROZEN,500G,65.0,Yes,,,60.93,Yes,,,12.5,Yes,,,,
CHICKENWINGS,1KG,30.0,Yes,19.5,Yes,,,,,,,,,,
CHILLIFLAKES,35G,19.0,Yes,,,,,,,,,,,,
CHINESERADISHCHEMICALFREE,500 G,9.0,No,,,,,,,,,,,,
CHIVESCHEMICALFREE,100G,5.0,Yes,,,33,Yes,,,,,,,,
CHOCOLATEBISCUTISGLUTENFREETRACESOFGLUTEN,NAN,23.0,No,,,,,,,,,,,,
CHOCOLATECAKEMIXGLUTENFREE,453G,50.0,Yes,,,,,50,Yes,,,,,,
CINNAMONRAISINSBREADMIXGLUTENFREE,623G,58.0,Yes,,,,,60,Yes,,,,,,
CIOCCOLINIGLUTENFREE,150G,51.0,No,,,,,,,,,,,,
CLEMENTINA,1 KG,8.0,No,,,,,,,,,,,,
CLEMENTINEJAMNATURAL,500G,60.0,No,,,,,,,,,,,,
CLOVES,45G,22.0,Yes,,,,,,,,,,,10.57,Yes
COCOAWAFERCACAOGLUTENFREE,125G,29.0,No,,,,,,,,,,,,
COCONUTFINEMACAROONUNSWEETENED,340G,44.0,Yes,,,,,,,,,,,,
COCONUTOILLARGEORGANICFORCOOKING,900 ML,236.0,No,,,222.75,Yes,,,,,,,,
COCONUTOILSOAP,NAN,40.0,Yes,,,,,,,,,,,,
COCONUTPALMSUGAR454G,NAN,68.0,No,,,,,,,,,,,,
COLORBEETSCHEMICALFREE,100 G,8.0,No,,,,,,,,,,,,
COLOREDLETTUCECHEMICALFREE,250G,8.0,No,,,,,,,,,,,,
COLOREDTOMATOCHEMICALFREE,NAN,11.25,Yes,,,,,,,,,,,,
CONDITIONERWITHTEATREEOIL,473ML,62.0,Yes,,,,, Not posted ,Yes,,,,,,
CONDITIONERWITHTEATREEOIL473ML,118ML,68.25,No,,,,,,,,,,,,
CORIANDERCHEMICALFREE,250 G,5.5,Yes,,,,,,,,,,,,
CORNFLAKESGLUTENFREE,NAN,28.0,No,,,,,,,,,,,,
CORNFLOURCHEMICALFREELOCAL,800 G,19.0,No,,,,,,,,,,,,
COUSCOUSGOLDEN,680G,56.0,Yes,,,16.32,No,,,,,,,,
COWMILKCHEMICALFREEFROZEN,1 L,18.0,No,,,,,,,,,,,,
CRANBERRYJUICE,1 L,30.0,No,,,30,Yes,,,,,,,,
CRANBERRYJUICEPOWDER,75G,62.0,Yes,,,,,,,,,,,,
CUCUMBERORGANIC,500G,12.0,No,9.75,Yes,,,,,,,,,,
CUMIN,NAN,12.0,Yes,,,11,No,,,,,,,6.51,Yes
CURLYFRISELETTUCECHEMICALFREE,500G,8.0,Yes,,,,,,,,,,,,
CURRYPOWDER,NAN,14.0,Yes,,,13,Yes,,,,,,,7.2,Yes
DANDELIONROOTPOWDERORGANICLOCAL,113G,82.0,Yes,,,,,,,,,,,,
DATEJAMWITHALMONDSCLOVESNATURAL,500 G,100.0,Yes,,,,,,,,,,,,
DATESIRAQI,250 G,6.0,Yes,,,,,,,,,,,,
DIGESTIVEBISCUITSWITHCHOCOLATEGLUTENFREE,150G,37.0,No,,,,,,,,,,,,
DILLCHEMICALFREE,250 G,5.5,No,,,,,,,,,,,,
DISCOCIOKGLUTENFREE,"
<P>165G</P>",38.5,No,,,,,,,,,,,,
DRIEDAPPLECHEMICALFREE,75G,33.0,Yes,,,,,,,,,,,,
DRIEDAPRICOTSCHEMICALFREE,75G,35.0,Yes,,,,,,,,,,,,
DRIEDBANANACHEMICALFREE,75G,33.0,Yes,,,,,,,,,,,,
DRIEDBAYLEAFCHEMICALFREE,25G,19.0,Yes,,,,,,,,,,,,
DRIEDCHERRYCHEMICALFREE,75G,42.0,Yes,,,,,,,,,,,,
DRIEDCRANBERRY,NAN,86.0,Yes,,,,, Not posted ,Yes,,,,,,
DRIEDDATESCHEMICALFREE,75G,16.0,Yes,,,,,,,,,,,,
DRIEDFIGSCHEMICALFREE,75G,25.0,Yes,,,,,,,,,,,,
DRIEDFRUITMIXCHEMICALFREE,75G,33.0,Yes,,,,,,,,,,,,
DRIEDGOJIBERRIES,200G,54.0,No,,,64,Yes,,,,,,,,
DRIEDGRAPFRUITCHEMICALFREE,75G,25.0,Yes,,,,,,,,,,,,
DRIEDKIWICHEMICALFREE,15G,35.0,Yes,,,,,,,,,,,,
DRIEDLEMONGRASSCHEMICALFREE,75G,25.0,Yes,,,,,,,,,,,,
DRIEDMANGOCHEMICALFREE,75G,35.0,Yes,,,,,,,,,,,,
DRIEDMUSHROOMCHEMICALFREE,75G 100% NATURAL,35.0,Yes,,,90,Yes,,,,,,,,
DRIEDNECTARINECHEMICALFREE,75G,42.0,Yes,,,,,,,18.5,Yes,,,,
DRIEDPEACHCHEMICALFREE,75G,42.0,Yes,,,,,,,,,,,,
DRIEDPEARCHEMICALFREE,75G,20.0,No,,,,,,,,,,,,
DRIEDPEPPERSCHEMICALFREE,75G 100% NATURAL,20.0,Yes,,,,,,,,,,,,
DRIEDPRUNESCHEMICALFREE,75G,42.0,Yes,,,,,,,,,,,,
DRIEDSOUPMIXCHEMICALFREE,75G 100% NATURAL,30.0,Yes,,,,,,,,,,,,
DRIEDSTRAWBERRISCHEMICALFREE,75G,42.0,Yes,,,,,,,,,,,,
DRIEDTOMATOCHEMICALFREE,75G 100% NATURAL,21.0,Yes,,,,,,,,,,,,
DUCKCHEMICALFREE,2250G - 2750G FED ON BARLEY GRASS,154.0,No,,,,,,,,,,,,
DUCKCHEMICALFREE,1200 KG-1400 KG,100.0,Yes,,,,,,,26.0,Yes,,,,
DULSEFLAKESORGANIC,42G,46.0,Yes,,,,, Not posted ,Yes,,,,,,
DUTCHFENNELCHEMICALFREE,100G,14.0,No,,,,,,,,,,,,
EARLGREYORGANIC,40 TEA BAGS,35.0,No,,,37,Yes,,,,,,,,
EGGREPLACERVEGAN,453G,98.0,Yes,,,,,,,,,,,,
ESHTAKHADRA,1KG,76.0,No,,,,,,,,,,,,
ESSIACTEA,113G,105.0,Yes,,,,,,,,,,,,
FACIALACNESOAPWITHYINGYANGOIL,30G,55.0,Yes,,,,,,,,,,,,
FACIALMILKWITHGREENTEACUCUMBER,125 ML 100% NATURAL,70.0,Yes,,,,,,,,,,,,
FACIALMISTTONER,125 ML,65.0,No,,,,,,,,,,,,
FACIALMISTTONERNORMALANDOILYSKIN,125 ML,65.0,No,,,,,,,,,,,,
FACIALMISTORANGEBLOSSOM,125 ML,40.0,No,,,,,,,,,,,,
FACIALMUDSCRUBDRYSKIN,120G 100% NATURAL,50.0,No,,,,,,,,,,,,
FACIALSERUMFORYOUNGERSKIN,15ML,50.0,Yes,,,,,,,,,,,,
FACIALSOAPWITHGOATMILK,50G,55.0,Yes,,,,,,,,,,,,
FAVABEANSORGANIC,500G,28.0,Yes,,,,,,,,,,,,
FENNELCHEMICALFREE,250G,8.0,No,,,,,,,,,,,,
FETTECROCCANTIGLUTENFREE,150G,30.25,No,,,,,,,,,,,,
FIREBALLWITHGRINDER,50G,41.0,Yes,,,,,,,,,,,,
FISHCAKESFROZEN,500G,70.0,Yes,,,,,,,,,,,,
FISHMASALA,100G,12.0,Yes,,,18,Yes,,,,,,,,
FLAXMILKORIGINALORGANIC,946ML,32.0,No,,,,,,,7.6,Yes,,,,
FLAXMILKUNSWEETENEDORGANIC,946ML,32.0,No,,,,,,,,,,,,
FLAXMILKVANILLAORGANIC,946ML,32.0,No,,,,,,,,,,,,
FLAXSEEDBREADORGANIC,500G,28.75,No,,,,,,,,,,,,
FLAXSEEDSEGYPTIAN100G,100G,12.0,Yes,,,,,,,,,,,,
FLOURYEASTMIXGLUTENFREE,500G,33.0,No,,,,,,,,,,,,
FOOTSPRAYNATURAL,120ML,35.0,Yes,,,,,,,,,,,,
FORESTHONEYSPANISH,250G,40.0,No,,,,,,,,,,,,
FREEKEHCRACKEDORGANIC,453G,66.0,Yes,,,,,,,,,,,,
FRENCHPARSELYCHEMICALFREE,PACK,8.0,No,,,,,,,,,,,,
GARAMMASALA,NAN,12.0,Yes,,,,,,,,,,,,
GARLICCHEMICALFREE,250G,8.0,Yes,,,,,,,,,,,,
GARLICPEALED,100G,4.0,No,,,,,,,,,,,,
GARLICPOWDER,60G,14.0,Yes,,,14,No,,,,,,,,
GINGERGROUND,NAN,16.0,Yes,,,8,Yes,,,,,,,,
GINGERCAKEGLUTENFREETRACESOFGLUTEN,NAN,28.0,Yes,,,,,,,,,,,,
GINGERCOOKIESGLUTENFREETRACESOFGLUTEN,NAN,23.0,No,,,,,,,,,,,,
GINGERJAMNATURAL,500 G HOMEMADE,60.0,No,,,,,,,,,,,,
GOATCHEESENATURAL,250G,68.0,Yes,,,,,,,,,,,,
GOATSHEEPANDCOWMILKMIXEDCHEESE,150G,60.0,Yes,,,52,Yes,,,,,,,,
GOLDENFLAXSEEDS,680G,48.0,No,,,106.08,No,60,Yes,,,,,,
GOOSEBERRYJAMNATURAL,500G,60.0,Yes,,,,,,,,,,,,
GRANOLABARS,NAN,23.0,No,,,,,,,,,,,,
GRANOLABARSBLUEBERRY,141.75G,54.0,No,,,,,,,,,,,,
GRANOLABARSDARKCHOCOLATE,124G,54.0,No,,,,,,,,,,,,
GRANOLABARSFRUITMIX,141.75G,54.0,No,,,,,,,,,,,,
GRANOLABARSTRAILMIX,141.75G,54.0,No,,,,,,,,,,,,
GRAPEBUTTERORGANIC,227G,48.0,Yes,,,,, Not posted ,Yes,,,,,,
GRAPEJAMNATURAL,500G,60.0,No,,,,,,,,,,,,
GREANTEAWITHROSEHIPSPETALSORGANIC,16 BAGS,38.0,Yes,,,,,,,,,,,,
GREENASPARAGUSCHEMICALFREE,300G,18.0,No,,,,,,,,,,,,
GREENASPARAGUSJUMBO,300-350G,16.0,No,,,,,,,,,,,,
GREENBEANSCHEMICALFREEFRENCH,250G,22.0,Yes,,,,,,,,,,,,
GREENCOFFEENATURALWEIGHTLOSS,20 SACHETS,22.0,No,,,,,,,,,,,,
GREENCURLYLETTUCECHEMICALFREE,150G,8.0,No,,,,,,,,,,,,
GREENICEBERGLETTUCECHEMICALFREE,PER PIECE,6.0,Yes,,,,,,,,,,,,
GREENOLIVESNATURAL,500G,40.0,Yes,,,,,,,,,,,7.85,Yes
GREENONIONCHEMICALFREE,250G,10.0,No,,,,,,,,,,,,
GREENTEAORGANIC,300G,18.0,Yes,,,,,,,,,,,,
GREENTEABLUEBERRYJUICE,1 L,30.0,No,,,,,,,,,,,,
GREENTEAWITHJASMINE,NAN,26.5,No,,,,,,,,,,,,
GUAVA,1KG,12.0,No,,,,,,,,,,,,
GUAVAJAMNATURAL,500G,60.0,Yes,,,,,,,,,,,,
GUILTFREENOODLESWITHGARLICHERBGLUTENFREE,198G,24.0,Yes,,,,,,,,,,,,
GUILTFREENOODLESWITHSPINACHGLUTENFREE,198G,24.0,Yes,,,,,,,,,,,,
HAIRCONDITIONERWITHARGANOIL,"125ML WITH VITAMIN B5,100% NATURAL",60.0,No,,,,,,,,,,,,
HAIRCONDITIONINGCREAMNATURAL,PANADORA 150 ML,35.0,Yes,,,,,,,,,,,,
HAIROILNATURAL,PANADORA 100 ML,200.0,Yes,,,,,,,,,,,,
HAIRSERUMANTIFRIZZ,30ML,60.0,Yes,,,,,,,,,,,,
HAIRSERUMSHINEANDSPLITENDS,30ML,60.0,Yes,,,,,,,,,,,,
HAIRSPRAY,PANADORA 120 ML,130.0,Yes,,,,,,,,,,,,
HERBALFILTER,NAN,15.0,No,,,,,,,,,,,,
HERBALTEAPOT,NAN,66.0,Yes,,,,,,,,,,,,
HONEYBISCUITSGLUTENFREE,200G,36.0,No,,,,,,,,,,,,
HONEYSOAP,NAN,25.0,Yes,,,,,,,,,,,,
HONEYSPOON,NAN,3.0,No,,,,,,,,,,,,
HORNYGOATPOWDER,40G,36.0,Yes,,,,,,,,,,,,
ITALIANBASILCHEMICALFREE,100G,8.0,Yes,,,,,,,,,,,,
KAKAFRUIT,1KG,12.0,No,,,,,,,,,,,,
KUKICHALOOSETWIGTEAJAPANESEORGANIC,49G,38.0,Yes,,,,, Not posted ,Yes,,,,,,
LACTOSEFREECHEESE,250G,68.0,Yes,,,,,,,,,,,,
LARENGJAMNATURAL,500G,60.0,Yes,,,,,,,,,,,,
LEANMEATBALLFROZEN,500G,95.0,Yes,,,,,,,,,,,,
LEEKCHEMICALFREE,150G,7.0,No,,,,,,,,,,,,
LEMONCHEMICALFREE,250G,9.0,No,,,,,,,,,,,,
LEMONANDGINGERTEA,NAN,26.5,No,,,,,,,,,,,,
LEMONGRASSCHEMICALFREE,100G,4.0,Yes,,,,,,,,,,,,
LEMONPEPPERSEASONING,NAN,22.0,Yes,,,,,,,,,,,,
LIME,500G,10.0,Yes,10,Yes,12,Yes,,,,,,,,
LINGOBERRIESFROZENCRANBERRY,300G,59.0,Yes,,,,,,,,,,,,
LIQUIDSOAPWITHTEATREEOIL,236 ML,42.0,Yes,,,,, Not posted ,Yes,,,,,,
LIQUIDSOAPWITHTEATREEOIL226G,118ML,42.0,No,,,,,,,,,,,,
LOLLABIONDACHEMICALFREE,PER PIECE,8.0,Yes,,,,,,,,,,,,
LOLLAROSSACHEMICALFREE,300G,8.0,Yes,,,,,,,,,,,,
LOTIONBALLSWITHSTRAWBERRY,NAN,59.0,Yes,,,,,,,,,,,,
LOWCARBBAKINGMIX,453G,58.0,Yes,,,,,,,,,,,,
LOWSODIUMSALT,NAN,44.0,No,,,,,,,,,,,,
MACCHEESEFROZEN,500G,50.0,Yes,,,,,,,,,,,,
MACAROOTPOWDER,75G,40.0,No,,,,,,,,,,,,
MANGOZEBDEYA,1KG,44.0,No,13.5,Yes,,,,,,,,,,
MANGOJAMNATURAL,500G HOMEMADE,60.0,Yes,,,,,,,,,,,,
MANUKAHONEYLARGE,500G,328.0,Yes,,,,,,,,,,,,
MAPLESUGARORGANIC,NAN,80.0,Yes,,,,,,,,,,,,
MARBLECAKEGLUTENFREE,250G,55.0,No,,,,,,,,,,,,
MARJORAMCHEMICALFREE,100G,6.0,Yes,,,,,,,,,,,,
MARSHMALLOWROOTPOWDER,50G,39.0,Yes,,,,,,,28.0,Yes,,,,
MEATTENDERISER,NAN,13.0,Yes,,,,,,,,,,,,
MESCLUNCHEMICALFREE,100G,8.0,Yes,,,,,,,,,,,,
MILKTHISTLESEEDPOWDER,75G,85.0,Yes,,,,,,,,,,,,
MILLETORGANIC454G,454G,31.5,Yes,,,40.86,Yes,30,Yes,,,,,,
MILLYGRISANDCIOCC,50G,27.5,No,,,,,,,,,,,,
MINIPASTAGLUTENFREE,250G,27.5,Yes,,,,,,,,,,,,
MIXPATISSERIEGLUTENFREE,1KG,62.5,No,,,,,,,,,,,,
MIXEDHERBS,20G,19.0,Yes,,,,,,,,,,,,
MIXEDQUINOAWHITEANDREDPERUVIAN,500G,78.0,No,,,,,,,,,,,,
MIXEDSPICES,40G,40.0,Yes,,,,,,,,,,,5.43,Yes
MOLOKHEYACHEMICALFREE,250G,5.0,No,,,,,,,,,,,,
MOLOKHEYAORGANIC,250G,9.0,Yes,,,,,,,,,,,,
MORINGACHEMICALFREE,100G,22.0,No,,,,,,,,,,,,
MORINGALEAVESDRIEDORGANIC,100G,33.0,No,,,,,,,,,,,,
MORINGAPOWDERORGANIC,100G,53.0,No,,,,,,,,,,,,
MOROCCANMUDFACIALSCRUBFORYOUNGERSKIN,120ML,60.0,Yes,,,,,,,,,,,,
MOUTHWASHWITHTEATREEOIL354ML,118ML,49.9,No,,,,,50,Yes,,,,,,
MU16TEASTRENGTHANDVITALITYGEORGEOSHOA,48G,62.0,No,,,,,,,,,,,,
MUESLIWITHFRUITSNUTSANDSEEDSORGANIC,NAN,34.2,No,,,,,,,,,,,,
MULBERRYJAMNATURAL,500G,60.0,No,,,,,,,,,,,,
MULTIGRAINBREAD,LOAF,34.0,Yes,,,,,,,,,,,,
MULTIGRAINBUNNS4SMALLBUNNS,"290-300 G HOME MADE-FRESHLY FROZEN,AND VACCUM",30.0,Yes,,,,,,,,,,,,
MULTIGRAINCRACKERS,175G,33.0,No,,,,,,,,,,,,
MUNGBEANS,765G,76.0,Yes,,,,, Not posted ,Yes,,,,,,
MUSTARDLEAVESCHEMICALFREE,NAN,8.0,No,6.75,Yes,,,,,,,,,,
NATURALDEODORANTSTICK,NAN,65.0,Yes,,,,,,,,,,,,
NATURALHOTCHOCOLATEWITHBANNANAANDMACAORGANIC,NAN,70.2,No,,,,,,,,,,,,
NECTARINE,500G,5.0,No,,,12.5,Yes,,,,,,,,
NECTARINEJAMNATURAL,500G,60.0,No,,,,,,,,,,,,
NEEMLEAFPOWDERORGANIC,40G,66.0,Yes,,,,,,,7.0,yes,,,,
NUTMEG,NAN,29.25,Yes,,,37,No,,,,,,,,
NUTRITIONBARWITHALMONDBUTTERNATURALRAW,BAR,20.0,Yes,,,,,,,,,,,,
NUTRITIONBARWITHBLUEBERRIESNATURALRAW,BAR,20.0,Yes,,,,,,,,,,,,
NUTRITIONBARWITHCHLORELLAQUINOAANDLINSEEDSNATURALRAW,BAR,20.0,Yes,,,,,,,,,,,,
NUTRITIONBARWITHCOCOAANDCOFFEENATURALRAW,BAR,20.0,Yes,,,,,,,,,,,,
NUTRITIONBARWITHFIGANDCINNAMONNATURALRAW,BAR,20.0,Yes,,,,,,,,,,,,
NUTRITIONBARWITHGOJIBERRIESNATURALRAW,BAR,20.0,Yes,,,,,,,,,,,,
OAKLEAFLETTUCECHEMICALFREE,PER PIECE,8.0,No,,,,,,,,,,,,
OATBRAN,510G,42.0,Yes,,,,,,,,,,,,
OATMEALSOAP,"2 SOAPS 60G EACH,100% NATURAL",50.0,Yes,,,,,,,,,,,,
OATMILKORIGINAL,1 L,29.0,No,,,29,No,,,,,,,,
OATSWITHAPPLEANDCINNAMONORGANIC,NAN,36.0,No,,,,,,,,,,,,
OKRACHEMICALFREE,500G,30.0,Yes,,,24,No,,,,,,,,
OKRACHEMICALFREE,500G,5.0,No,,,,,,,,,,,,
OLIVEOILEXTRAVIRGIN,700ML,90.0,No,63,Yes,56,Yes,,,,,,,48.16,Yes
OLIVEOILTHYMEINFUSED,250ML,50.0,Yes,,,,,,,,,,,,
OLIVEOILWITHHERBSEXTRAVIRGIN,500G,120.0,Yes,,,,,,,,,,,,
OLIVESALAD,650G,24.0,Yes,,,,,,,,,,,,
ORANGECAKEGLUTENFREETRACESOFGLUTEN,NAN,28.0,Yes,,,,,,,,,,,,
ORANGEJUICENATURAL,1 L,22.0,No,,,18,No,,,,,,,19.7,Yes
OREOCHOCOLATEVANILLAGLUTENFREE,NAN,36.0,Yes,,,,,,,,,,,,
ORGANICCRACKERS,200G,33.0,No,,,,,,,,,,,,
ORIGINALCRACKERS,200G,33.0,Yes,,,,,,,,,,,,
PAKCHOICHEMICALFREE,250G,15.0,Yes,,,,,,,,,,,,
PAPAYA,500G,8.0,No,,,,,,,85.0,Yes,,,,
PAPRIKA,NAN,16.0,Yes,,,14,Yes,,,,,,,5.5,Yes
PEANUTBUTTERCINAMONRAISINNATURAL,350G CONTAINS WHEY PROTEIN AND STEVIA,50.0,Yes,,,,,,,,,,,,
PEANUTBUTTERWITHCOCOANATURAL,350G CONTAINS WHEY PROTEIN AND STEVIA,60.0,Yes,,,,,,,,,,,,
PEANUTSINSHELLCHEMICALFREE,200G,8.0,No,,,,,,,,,,,,
PEARSAMERICANIMPORTED,500G,22.0,No,,,27,Yes,,,,,,,,
PENNEGLUTENFREEDRSCHAR,250G,25.0,Yes,,,47.5,No,,,,,,,,
PIMENTOALLSPICE,NAN,22.0,No,,,,,,,,,,,,
PINKGRAPEFRUIT,1 KG,5.0,Yes,4.33,Yes,,,,,,,,,,
PIZZACRUST,453G,52.0,Yes,,,,, Not posted ,Yes,,,,,,
PLUMJAMNATURAL,500G,60.0,Yes,,,,,,,,,,,,
POLLENGRAINS,140G,73.0,Yes,,,,,,,,,,,,
POMEGRANATE,1 KG,12.0,No,,,,,,,,,,,,
POMEGRANATEJAMNATURAL,500 G HOMEMADE,60.0,No,,,,,,,,,,,,
POMEGRANATEJUICE,1 L,30.0,No,,,30,Yes,,,,,,,19.7,Yes
POMEGRANTETEA,NAN,26.5,No,,,,,,,,,,,,
POWERMIXPOWDERPOUCH,NAN,103.0,No,,,,,,,,,,,,
PROTEINBARWITHCHOCOLATE,60G,38.0,Yes,,,,,,,,,,,,
PROTEINBARWITHSTRAWBERRYCHEESECAKE,60G,38.0,Yes,,,,,,,,,,,,
PRUNEJUICENATURALLAXATIVE946ML,946 ML,74.0,Yes,,,80,Yes,,,,,,,,
PSYLLIUMHUSK,125G,64.8,Yes,,,,,,,,,,,,
PUMPERNICKELBREAD,500G,28.75,No,,,,,,,,,,,,
PUMPKINEUROPEAN,5.5 - 6.5 KG,38.0,Yes,40,Yes,,,,,,,,,,
PUMPKINJAMNATURAL,500 G HOMEMADE,60.0,Yes,,,,,,,,,,,,
PUMPKINJAMWITHCARAMELNATURAL,500G,60.0,Yes,,,,,,,,,,,,
PUMPKINSEEDSHULLEDORGANIC,??,36.0,No,,,65,Yes,165,Yes,,,,,,
PURPLESUPERBERRYJUICE,1 L,30.0,No,,,30,Yes,,,,,,,,
QUINOAWHITEPERU,500G,78.0,Yes,,,,,,,,,,,,
QUINOACHEMICALFREELOCAL,500G,48.0,No,,,,,,,,,,,,
QUINOACHEMICALFREELOCAL,500G,42.0,Yes,,,,,,,,,,,,
QUINOAFUSILLIGLUTENFREE,250G,48.0,Yes,,,,,,,,,,,,
QUINOAPASTAPENNEGLUTENFREE,500G,60.0,No,,,,,,,,,,,,
QUINOAPENNEGLUTENFREE,250G,48.0,Yes,,,,,,,,,,,,
QUINOASOUPWITHLENTIL,NAN,44.0,Yes,,,,,,,,,,,,
QUINOASOUPWITHVEGETABLESGLTENFREE,NAN,44.0,Yes,,,,,,,,,,,,
QUINOASPAGHETTIGLUTENFREE,250G,48.0,Yes,,,,,,,,,,,,
RAISINSCHEMICALFREE,75G,18.0,Yes,,,,,,,,,,,,
RAISINSJAMNATURAL,500G,60.0,Yes,,,,,,,,,,,,
RAWHAZELNUT,250G,62.5,Yes,,,,,,,,,,,,
RAWHONEYNATURAL,475G,40.0,Yes,,,,,,,25.0,Yes,,,,
RAWHONEYORGANIC,250G,48.0,Yes,,,,,,,,,,,,
RAWMACADAMIANUTS,250G,95.0,Yes,,,,,,,,,,,,
REDASPARAGUSCHEMICALFREE,250G,22.0,Yes,,,,,,,,,,,,
REDCABBAGECHEMICALFREE,PER PIECE,8.0,No,,,,,,,,,,,,
REDCARROTJAMNATURAL,NAN,60.0,No,,,,,,,,,,,,
REDCHILLIPEPPERCHEMICALFREE,250G,22.0,No,6.75,Yes,7,No,,,,,,,,
REDCURLYBATAVIACHEMICALFREE,PER PIECE,15.0,No,,,11,No,,,,,,,,
REDENDIVECHEMICALFREE,PER PIECE,53.0,No,50,Yes,,,,,,,,,,
REDICEBERGLETTUCECHEMICALFREE,NAN,8.0,Yes,,,,,,,,,,,,
REDPEARSAMERICANIMPORTED,500G,20.0,No,,,,,,,,,,,,
REDPLUMSLOCAL,500G,22.0,No,,,,,,,,,,,,
REDRADISHCHEMICALFREE,250G,5.5,No,,,,,,,,,,,,
REDROMAINECHEMICALFREE,PER PACK,8.0,No,,,,,,,,,,,,
REDSUPERBERRYJUICE,1 L,30.0,Yes,,,,,,,,,,,,
RIBEYESTEAKCHEMICALFREEFROZEN,500G,68.0,Yes,44,Yes,,,,,,,,,,
RICEBRANGLUTENFREE,510G,52.0,Yes,,,,,35,Yes,,,,,,
RICECHIPSSANTAFEBARBECUE,170G,37.5,Yes,,,,,40,Yes,,,,,,
RICECHIPSSEASALT,170G,37.5,Yes,,,,, Not posted ,No,,,,,,
RICEMILKORIGINAL,1 L,31.0,No,,,,, Not posted ,No,,,,,,
ROLLEDOATSGLUTENFREE,907G,72.0,Yes,,,,, Not posted ,Yes,,,,,,
ROQUETTECHEMICALFREE,100G,5.0,Yes,,,,,,,,,,,,
ROSEMARYCHEMICALFREE,PER PACK,3.0,Yes,,,7.25,Yes,,,,,,,,
ROSEMARYDRIED,NAN,14.3,Yes,,,,,,,,,,,,
RUBYCHARDCHEMICALFREECOLOREDBEETS,150G,8.0,No,16,No,,,,,,,,,,
RYEBREADLOAF,"545-565 G, HOME MADE-FRESHLY FROZEN,AND VACCUM",26.0,No,,,,,,,,,,,,
RYECRACKERS,250G,34.0,No,,,,,,,,,,,,
RYEFLOURLIGHT,622G,34.0,Yes,,,,,,,,,,,,
RYEMIXBREAD,LOAF,34.0,Yes,,,,,,,,,,,,
SAGECHEMICALFREE,100G,15.0,Yes,,,32,Yes,,,,,,,,
SALADFLOWERSCHEMICALFREE,100G,26.0,Yes,,,,,,,,,,,,
SALADSEASONING,90G,16.25,Yes,,,,,,,,,,,,
SALTVINEGAR,NAN,16.0,Yes,,,,,,,,,,,,
SALTEDBISCUITSGLUTENFREE,175G,32.0,No,,,,,,,,,,,,
SCANDINAVIANTWISTEDBAGUETTETORDU,"290-310 G HOME MADE-FRESHLY FROZEN,AND VACCUM",13.6,Yes,,,,,,,,,,,,
SEASALTFRENCHCELTICFINEGRIND,397G,44.0,Yes,,,,,45,Yes,,,,,,
SEASALTGRINDER,105G,40.0,Yes,,,,,,,,,,,,
SECURE16,NAN,1.5,No,,,,,,,,,,,,
SECURE24,NAN,1.75,No,,,,,,,,,,,,
SEEDSPROUTSCHEMICALFREE,PER PACK,8.0,Yes,,,,,,,,,,,,
SHAMPOWITHTEATREEOIL473ML,118ML,68.25,No,,,,,,,,,,,,
SHAMPOONATURAL,200ML,35.0,Yes,,,,,,,,,,,,
SHAMPOONORMALHAIR,250ML,90.0,Yes,,,,,,,,,,,,
SHAMPOOOILYHAIR,250ML,60.0,No,,,,,,,,,,,,
SHAMPOOWITHTEATREEOIL,475ML,62.0,Yes,,,,, Not posted ,Yes,,,,,,
SHAMSYBREADWHOLEGRAIN,1 LOAF,8.0,Yes,,,,,,,,,,,,
SHEABUTTERBALMFORHAIR,150G,100.0,Yes,,,,,,,,,,,,
SHEEPMILKCHEESE,150G,60.0,Yes,,,51,Yes,,,,,,,,
SHOYUSOYSAUCEORGANIC,NAN,56.0,Yes,,,,, Not posted ,Yes,,,,,,
SILVERBEETCHEMICALFREE,NAN,8.0,No,,,,,,,,,,,,
SMELLINGFRESHDEODRANT,100G,45.0,No,,,,,,,,,,,,
SOAPSCRUBBARWITHWATERMELON,50G,35.0,No,,,,,,,,,,,,
SOOTHINGLOTION,120ML,125.0,Yes,,,,,,,,,,,,
SORGHUMFLOURWHITESWEET,623G,42.0,No,,,,,,,,,,,,
SOVITALMIXBREAD,LOAF,34.0,Yes,,,,,,,,,,,,
SOYMILKLIGHT,250ML,10.0,No,,,,,,,,,,,,
SOYMILKBIO,1 L,30.0,No,,,29,Yes,,,,,,,,
SOYPROTEIN680G,369G,82.0,Yes,,,,,,,,,,,,
SOYAMILKORIGINAL,250ML,10.0,No,,,,,,,,,,,,
SOYAMILKSPECIALFORCOFFEE,1 L,27.0,No,,,,,,,,,,,,
SOYAMILKWITHBANANA,250ML,10.0,No,,,,,,,,,,,,
SOYAMILKWITHCHOCOLATEORGANIC,1 KG,27.0,No,,,,,,,,,,,,
SOYAMILKWITHREDFRUITSSMALL,250 ML,9.0,No,,,,,,,,,,,,
SOYAMILKWITHVANILLA,250 ML,10.0,No,,,,,,,,,,,,
SPAGHETTIGLUTENFREEDRSCHAR,250 G,25.0,No,,,39.5,Yes,,,,,,,,
SPEARMINTCHEMICALFREE,100G,14.0,No,,,,,,,,,,,,
SPELTRYECRACKERSCUMIN,145-155 G HOMEMADE,21.0,Yes,,,,,,,,,,,,
SPELTRYECRACKERSMIXEDSEEDS,HOME MADE,21.0,Yes,,,,,,,,,,,,
SPELTRYECRACKERSSUNFLOWERSEEDS,144-155 G HOMEMADE,24.0,Yes,,,,,,,,,,,,
SPELTBREAD,LOAF,50.0,Yes,,,,,,,,,,,,
SPELTBREADLOAF,"425-435 G, HOME MADE-FRESHLY FROZEN,AND VACCUM",21.0,Yes,,,,,,,,,,,,
SPELTFLOUR,680G,42.0,Yes,,,88.4,No, Not posted ,Yes,,,,,,
SPRINGONIONCHEMICALFREE,250G,7.0,No,,,,,,,,,,,,
SPROUTSCHEMICALFREE,PER PACK,15.0,No,,,,,,,,,,,,
ST.JOHNSWORTPOWDER,50G,37.0,Yes,,,,,,,,,,,,
STAWBERRYJAMNATURAL,500G HOMEMADE,60.0,Yes,,,58.1,Yes,,,,,,,,
STEELCUTOATS,680G,66.0,Yes,,,,, Not posted ,Yes,,,,,,
SUCRINELETTUCECHEMICALFREE,500G,15.0,No,,,,,,,,,,,,
SUNDRIEDTOMATOESNATURAL,500G HOMEMADE,55.0,No,,,,,,,,,,,,
SUNDRIEDTOMATOESWITHHERBSNATURAL,600G,120.0,Yes,,,,,,,12.0,Yes,,,,
SUNSCREENWITHWHEATGERMANDCOCONUTOIL,125 ML,65.0,No,,,,,,,,,,,,
SUNFLOWERSEEDBREADORGANIC,500G,28.75,No,,,,,,,,,,,,
SWEETONIONS,500G,10.0,No,,,,,,,,,,,,
SWEETORANGES,1 KG,4.0,No,,,,,,,,,,,,
SWEETPEACH,500G,10.0,No,,,,,,,,,,,,
SWEETREDORANGESFOREATING,NAN,7.0,No,,,,,,,,,,,,
SWEETREDORANGESFORJUICING,1 KG,7.0,No,,,,,,,,,,,,
TAMARISOYSAUCEORGANIC,NAN,52.0,Yes,,,,, Not posted ,Yes,,,,,,
TARRAGONCHEMICALFREE,100G,15.0,Yes,,,,,,,,,,,,
TBONESTEAKCHEMICALFREE,320 - 340G,49.0,No,,,,,,,,,,,,
TEATREEOIL,30ML,66.0,Yes,,,,, Not posted ,Yes,,,,,,
TEATREEOIL30ML,118ML,61.9,No,,,,,,,,,,,,
TEATREEOILCHESTRUB,57G,66.0,Yes,,,,, Not posted ,Yes,,,,,,
THYMECHEMICALFREE,100G,5.0,Yes,,,29,Yes,,,,,,,,
THYMEDRIED,NAN,12.5,Yes,,,,,,,,,,,,
TOASTBREADFLOURGLUTENFREE,1 KG,71.5,No,,,,,,,,,,,,
TOFUORGANIC,349G,29.0,Yes,,,,,,,,,,,,
TOMATOSAUCEFROZEN,500G,40.0,No,,,,,,,,,,,,
TOOTHPASTEWITHTEATREEOIL,NAN,38.0,Yes,,,,,,,,,,,,
TORTILLASWHOLEGRAIN,200G,31.0,No,,,,,,,,,,,,
TRADITIONALCRACKERS,200G,33.0,Yes,,,,,,,,,,,,
TULSIGREENTEAORGANIC,200 BAGS,44.0,Yes,,,,,,,,,,,,
TULSIMASALACHIAORGANIC,NAN,44.0,No,,,,,,,,,,,,
TULSIORIGINALORGANIC,18 BAGS,44.0,No,,,,,,,,,,,,
TURBINADOSUGAR881G,881G,63.0,Yes,,,,,60,Yes,,,,,,
TURKEYMEATBALLSFROZEN,500G,80.0,Yes,,,,,,,,,,,,
VANILLACAKEMIXGLUTENFREE539G,539 G,45.0,Yes,,,,, Not posted ,No,,,,,,
VANILLACOOKIESGLUTENFREE,NAN,40.0,Yes,,,,,,,,,,,,
VANILLACREAMBISCUITSGLUTENFREE,NAN,36.0,Yes,,,,,,,,,,,,
VEALMINCECHEMICALFREEFROZEN,500G,104.0,Yes,,,44.5,Yes,,,,,,,,
VEALPICATTACHEMICALFREEFROZEN,500G,104.0,Yes,,,,,,,,,,,,
WAFERWITHCHOCOLATEGLUTENFREE,40G,24.0,No,,,,,,,,,,,,
WATERMELON,5 - 6 KG,48.0,Yes,33.75,Yes,32.5,No,,,,,,,,
WATERMELONCHEMICALFREE,PER PIECE,42.0,No,,,,,,,,,,,,
WATERCRESSCHEMICALFREE,100G,8.0,Yes,,,7.6,No,,,,,,,,
WEIGHTLOSSPOWDER,NAN,57.0,No,,,,,,,,,,,,
WHEATFLOURSPROUTEDNATURAL,1KG,54.0,Yes,,,,,,,,,,,,
WHEATGERM,340G,38.0,Yes,,,,,,,,,,,,
WHEYPROTEINPURE,340G,145.0,Yes,,,,,140,Yes,,,,,,
WHITEEGGPLANTORGANIC,500G,13.5,Yes,,,11,Yes,,,,,,,,
WHITEENDIVECHEMICALFREE,500G,54.0,No,45,Yes,,,,,,,,,,
WHITEFLOURCHEMICALFREELOCAL,800 G,19.0,No,,,,,,,,,,,,
WHITEGRAPESORGANIC,500G,28.0,No,,,,,,,,,,,,
WHITEONION,500G,3.0,Yes,,,,,,,,,,,,
WHITEQUINOAORGANIC,500G,60.0,No,,,98,No,,,,,,,,
WHITERICECHEMICALFREELOCAL,950 G,18.0,No,,,,,,,128.0,Yes,,,,
WHITESAUCEFROZEN,500G,45.0,Yes,,,,,,,,,,,,
WHITETEAORGANIC,NAN,28.0,No,,,,,,,,,,,,
WHITETEAWITHFENNELPEPPERMINTORGANIC,NAN,33.0,No,,,,,,,,,,,,
WHITETEAWITHFENNELANDPEPPERMINTORGANIC,20 BAGS ORGANIC,28.0,No,,,,,,,,,,,,
WHITETEAWITHPEACH,1 L,30.0,No,,,30,Yes,,,,,,,,
WHITENINGTOOTHPASTEWITHTEATREEOIL,118 ML,36.9,No,,,,,35,Yes,,,,,,
WHOLEGRAINCRACKERSWITHCORIANDER,180G,33.0,Yes,,,,,,,,,,,,
WHOLEGRAINCRACKERSWITHGARLIC,175G,33.0,No,,,,,,,,,,,,
WHOLEGRAINRICECAKESLOWFATLIGHTLYSALTED,130G,24.0,No,,,,,,,,,,,,
WHOLEGRAINRICECAKESORGANICLOWFATLIGHTLYSALTED,130G,24.0,No,,,,,,,,,,,,
WHOLEMEALFLOUR,1KG,8.0,Yes,,,6.5,Yes,,,,,,,,
WHOLERYEBREADORGANIC,500G,29.0,No,,,,,,,,,,,,
WHOLEWHEATFLOURCHEMICALFREELOCAL,800 G,19.0,No,,,,,,,,,,,,
WHOLEWHEATGRAINSCHEMICALFREELOCAL,1 KG,19.0,No,,,,,,,,,,,,
WHOLEGRAINCRACKERS,190G,33.0,No,,,,,,,,,,,,
WILDBROWNRICEMIXGLUTENFREE,765G,58.0,Yes,,,,,60,Yes,,,,,,
WILDHABAQ[BASIL]CHEMICALFREE,50G,40.0,Yes,,,,,,,,,,,,
WILDMARJORAMCHEMICALFREE,50G,42.0,Yes,,,,,,,,,,,,
WILDRICECAKESORGANICGLUTENFREE,NAN,42.0,Yes,,,,,,,,,,,,
WILDROSEMARYCHEMICALFREE,50G,40.0,Yes,,,,,,,,,,,,
WILDSAGESALVIACHEMICALFREE,50G,40.0,Yes,,,,,,,,,,,,
WILDTHYMECHEMICALFREE,50G,40.0,Yes,,,,,,,,,,,,
XANTHANGUMGLUTENFREE,226G,132.0,Yes,,,,,,,,,,,,
YELLOWAPPLES,1 KG,26.0,Yes,26.5,Yes,21,Yes,,,,,,,,
YELLOWCARROTS,500G,6.0,Yes,4,Yes,5,Yes,,,,,,,,
YELLOWGRAPEFRUIT,1 KG,6.0,Yes,,,,,,,,,,,,
ZUCCHINICHEMICALFREE,500G,7.5,No,,,,,,,,,,,,
ZUCCHINICHEMICALFREE,500G,6.0,No,,,,,,,,,,,,
ZUCCHINIORGANIC,500G,14.0,Yes,,,,,,,,,,,,
ZUCCHINIFLOWERSCHEMICALFREE,100G,22.0,No,,,55,Yes,,,,,,,,
ZUCCHINIJAMWITHPISTACHIOMASTICNATURAL,500G,100.0,Yes,,,,,,,,,,,,
