sku,name,brand,description, S.Price ,In stock, Offah.com Price ,Offah.com In Stock,Offah.com product comments, Gourmetegypt.com Price ,Gourmetegypt In Stock,Gourmetegypt Product comments, Healthharveststore.com Price ,Healthharveststore.com In Stock,Healthharveststore.com product comments,Imtenan.com Price,Imtenan.com In Stock,Imtenan.com Product Comments,Knockmart.com Prices,Knockmart.com In Stock,Knockmart.com Product Comments,Beqala.com Prices,Beqala.com In Stock,Beqala.com Product Comments,Categories,Average Competitor Prices(ACP),Price Variance,Availability in NGS,Availability @ Others
361001,Acai berry juice,the berry company,,30,No,,,,30,Yes, ,,,,,,,,,,,,,Packaged Products,,NGS Prices - ACP,0,6 (all others)
331004,Actibif cheese (for better digestion),,250g with intestinal flora,68,Yes,,,,,,,,,,,,,,,,,,,Milk/Eggs,,,1,0 (none)
281144,Aduki Beans,,500g,44,Yes,,,,39,Yes,Primeal brand, Not posted ,Yes,"Call for price, HH organic",,,,,,,,,,Packaged Products,,,1,
281088,Agar Agar flakes (hand harvested) - wild,Eden,28g,86,Yes,,,,,,, Not posted ,Yes,Call for price,,,,,,,,,,Packaged Products,,,0,
281139,All Purpose Baking Flour (gluten free),,623g,48,Yes,,,,,,,,,,,,,,,,,,,Grains,,,,
251001,Almond biscutis (Gluten free) - traces of gluten,,,23,No,,,,,,,,,,,,,,,,,,,Packaged Products,,,,
711002,Almond butter,,350g contains whey protein and stevia,65,Yes,,,,,,,,,,,,,,,,,,,Dried Fruits/Nuts,,,,
711003,Almond butter with cinamon raisin (natural),,350g contains whey protein and stevia,75,Yes,,,,,,,,,,,,,,,,,,,Dried Fruits/Nuts,,,,
281082,Almond meal flour,Bob's Red Mill,453g,132,Yes,,,,,,, Not posted ,Yes,Call for price,,,,,,,,,,Dried Fruits/Nuts,,,,
281001,Almond milk ( organic ) 946ml,,946ml,34,No,,,,,,,35,Yes,Pacific 907g,,,,,,,,,,Milk/Eggs,,,,
161001,Almond milk ( Original ),,250ml,10,No,,,,9.75,Yes,"EcoMil, sold @ 39le/1L",,,,,,,,,,,,,Milk/Eggs,,,,
,Alphabet Pasta with Vegetable Organic,,250g,,,,,,44,Yes,,,,,,,,,,,,,,Packaged Products,,,,
281083,Amaranth,Bob's Red Mill,680g,92,Yes,,,,,,, Not posted ,Yes,Call for price,,,,,,,,,,Grains,,,,
281131,Amino fuel - anabolic liquid,,948 ml,328,Yes,,,,,,,,,,,,,,,,,,,Packaged Products,,,,
301001,Animal shaped biscuits ( Gluten free ),,125g,29,No,,,,,,,,,,,,,,,,,,,Packaged Products,,,,
281002,Antiseptic cream with tea tree oil 118ml,,118ml,33.9,No,,,,,,,70,Yes,56g Tea Tree Therapy ,,,,,,,,,,Cosmetics,,,,
,Apple (Sokari),,1kg,,,25.5,Yes,,,,,,,,,,,,,,,,,Fruits,,,,
60001,Apple and cinnamon herbal tea (organic),,20 bags Organic,28,No,,,,,,,,,,,,,,,,,,,Packaged Products,,,,
,Apple cider vinegar  ,galletti,500ml,,,,,,16.5,Yes,,,,,,,,,,,,,,Packaged Products,,,,
281052,Apple cider vinegar ( organic ),Eden,473g,35,Yes,,,,,,,35,Yes,,,,,,,,,,,Packaged Products,,,,
,Apple Cinnamon Rice Cakes - gluten free - organic,Lundberg,269g,,,,,,,,, Not posted ,Yes,Call for price,7.28,yes,8.5le/70g,,,,,,,Packaged Products,,,,
20001,Appricot,,500g,10,Yes,,,,,,,,,,,,,,,,,,,Fruits,,,,
241001,Apricot jam (natural),,500 g Homemade,60,Yes,,,,,,,,,,,,,,,,,,,Packaged Products,,,,
,Arugula ,,100g,,,,,,6,No,,,,,,,,,,,,,,Vegetables,,,,
501001,Arugula(chemical free),,250 g,5.5,No,,,,,,,,,,,,,,,,,,,Vegetables,,,,
,Aubergene (Roumy),,1kg,,,7,Yes,,7,No,,,,,,,,,,,7.3,Yes,,Vegetables,,,,
461001,Aubergene (Roumy) - organic,,500g,12,Yes,,,non organic only,12,Yes,,,,,,,,,,,,,,Vegetables,,,,
,Aubergene Red Bianca Organic,,500g,,,,,,12,No,,,,,,,,,,,,,,Vegetables,,,,
,Aubergine Cuban,,1kg,,,8.5,Yes,,,,,,,,,,,,,,,,,Vegetables,,,,
20002,Avocados (imported),,500gm,32,Yes,21.75,Yes,43.50le/1kg,11.25,Yes,"Per piece, unable to match qty",,,,,,,,,,,,,Vegetables,,,,
,Baby black aubergene    ,,250g,,,13.5,Yes,,3,No,6le/500g,,,,,,,,,,,,,Vegetables,,,,
341001,Baby black aubergene (chemical free),,250g,7.5,No,,,non organic only,,,,,,,,,,,,,,,,Vegetables,,,,
341002,Baby black Aubergine (chemical free) - round,,250g,8,No,,,,,,,,,,,,,,,,,,,Vegetables,,,,
701004,Baby Carrot,,500g,8,No,,,,,,,,,,,,,,,,,,,Vegetables,,,,
141002,Baby corn (chemical free),,250g,18,No,,,,,,,,,,,,,,,,,,,Vegetables,,,,
20003,Baby onions,,500 gm,4,Yes,,,,,,,,,,,,,,,,,,,Vegetables,,,,
,Baby potatoes   ,,1kg,,,4.5,Yes,,,,,,,,,,,,,,,,,Vegetables,,,,
501002,baby potatoes (chemical free),,500 g,5.5,No,,,,11,Yes,,,,,,,,,,,,,,Vegetables,,,,
,Baby spinach   ,,150g,,,,,,7,Yes,,,,,,,,,,,,,,Vegetables,,,,
341004,Baby spinach (chemical free),,250g,8,Yes,,,,,,,,,,,,,,,,,,,Vegetables,,,,
341005,Baby striped aubegene (chemical free),,250g,15,No,,,,,,,,,,,,,,,,,,,Vegetables,,,,
,Baby yellow onions (organic),,500g,,,5.5,Yes,,,,,,,,,,,,,,,,,Vegetables,,,,
341006,Baby yellow zucchini (chemical free),,250g,30,No,,,,,,,,,,,,,,,,,,,Vegetables,,,,
281003,Baking soda 453g,,453g,30,Yes,,,,117.78,Yes,26le/100g,30,Yes,Bob's Red Mill,48,Yes,24le/ 100g bar,,,,,,,Packaged Products,,,,
321001,Balady bread (whole grain),,2 big loafs,10,Yes,,,,,,,,,,,,,,,,,,,Packaged Products,,,,
461002,Balady eggs (organic),,10 piece,24,Yes,,,,,,,,,,,,,,,,16,Yes,Proteino,Milk/Eggs,,,,
661001,Balady eggs in a handmade plate (chemical free),,10 eggs in natural hand made wooden plate,22,Yes,,,,,,,,,,65,Yes,,,,,,,,Milk/Eggs,,,,
501050,Balady lettuce (chemical free),,Per pack,6,No,,,,,,,,,,,,,,,,,,,Vegetables,,,,
371001,Balady raw Honey,,500g Jar-Balady product from Egyptian-Italian bee variety (Apis mellifera),35,No,,,,,,,,,,,,,,,,,,,Packaged Products,,,,
501005,Balady Whole Chicken(chemical free),,750-1000 kg frozen,50,No,,,,,,,,,,,,,,,,,,,Poultry,,,,
,Balady Whole Chicken(chemical free),,750-1000 kg frozen,,,,,,,,,,,,,,,,,,,,,Poultry,,,,
251002,Banana bread (Gluten free) - traces of gluten,,,28,Yes,,,,,,,,,,,,,,,,,,,Packaged Products,,,,
281115,Banana chips,Bob's Red Mill,283 g,47,Yes,,,,,,,,,,,,,,,,,,,Dried Fruits/Nuts,,,,
50001,Bananas (chemical free),,1 KG Balaika Bananas,16,No,,,,,,,,,,,,,,,,,,,Fruits,,,,
20005,Bananas (imported),,1Kg,22,No,16.5,Yes,,19,Yes,,,,,,,,,,,,,,Fruits,,,,
,"Barley hulled, organic",Primeal,500g,,,,,,35,Yes,, Not posted ,Yes,"Call for price, Bob's Red Mill",,,,,,,,,,Grains,,,,
,"Barley pearled, organic",Primeal,500g,,,,,,35,Yes,,,,,,,,,,,,,,Grains,,,,
431025,Basil leaves,,,11,Yes,,,,12,Yes,Sold 100g qty,,,,,,,,,,,,,Vegetables,,,,
,"Basil Lime, Aquaponics",,25g,,,,,,7.25,Yes,,,,,,,,,,,,,,Vegetables,,,,
281004,Basmati brown rice ( organic ) 907g,Lundberg,907g,48,Yes,,,,,,,,,,,,,,,,,,,Grains,,,,
441001,Basmati rice ( White ),,1kg,37.5,No,,,,38,Yes,,,,,,,,,,,31.51,Yes,Abu Kass Indian,Grains,,,,
391001,Bedouin lamb beit kalawi ( Chemical free ),,500 g,65,Yes,,,,,,,,,,,,,,,,,,,Meats,,,,
391002,Bedouin lamb leg ( Chemical free ),,Per piece 2.2 - 2.5 kg,266,Yes,,,,,,,,,,,,,,,,,,,Meats,,,,
291001,Bee pollen dust ( Egyptian ) 140g,,135gm ,74,No,,,,,,,,,,,,,,,,,,,Packaged Products,,,,
281005,Bee pollen granules,,,40,Yes,,,,,,,,,,,,,,,,,,,Packaged Products,,,,
,Beef Aussie carpaccio slices,,260g,,,,,,41.6,Yes,Tenderloin sliced paper thin,,,,,,,,,,,,,Meats,,,,
,Beef Bevette (Flank/Skirt Steak) organic,,1kg,,,88,Yes,,,,,,,,,,,,,,,,,Meats,,,,
,"Beef burger, Aussie",,370g,,,,,,35.15,Yes,,,,,,,,,,,,,,Meats,,,,
,"Beef burger, Aussie   ",,270g,,,,,,25.65,Yes,,,,,,,,,,,,,,Meats,,,,
,"Beef burger, Aussie Spiced",,270g,,,,,,26.73,,,,,,,,,,,,,,,Meats,,,,
,"Beef burger, Aussie spiced",,170g,,,,,,16.83,Yes,,,,,,,,,,,,,,Meats,,,,
,"Beef burger, Aussie Wagyu",,270g,,,,,,39.15,Yes,,,,,,,,,,,,,,Meats,,,,
,Beef cubes,,500g,,,,,,,,,,,,,,,,,,,,,Meats,,,,
151001,Beef cubes (chemical free) - frozen,,"500 g
<p>Free range 100% grass fed</p>",62,Yes,44,Yes,88le/1kg,,,,,,,,,,,,,,,,Meats,,,,
,Beef cubes skewered Aussie,,500g,,,,,,65,yes,,,,,,,,,,,,,,Meats,,,,
,Beef entrecote  ,,1kg,,,,,,,,,,,,,,,,,,,,,Meats,,,,
,Beef Entrecote (French rib steak) organic,,1kg,,,88,Yes,,,,,,,,,,,,,,,,,Meats,,,,
,Beef escalope  ,,500g,,,,,,,,,,,,,,,,,,,,,Meats,,,,
151002,Beef escalope (chemical free) - frozen,,"500 g
<p>Free range 100% grass fed</p>",62,No,48,Yes,,,,,,,,,,,,,,,,,Meats,,,,
,Beef Escalope Aussie,,500g,,,,,,62.5,Yes,,,,,,,,,,,,,,Meats,,,,
,Beef Eye Round Roast Aussie,,1.8kg,,,,,,234,Yes,,,,,,,,,,,,,,Meats,,,,
151003,Beef fillet (chemical free) - frozen,,"500 g
<p>Free range 100% grass fed</p>",98,Yes,86,Yes,172le/1kg,,,,,,,,,,,,,,,,Meats,,,,
151017,Beef fillet (whole),,1Kg,178,No,172,Yes,,,,,,,,,,,,,,,,,Meats,,,,
151004,Beef fillet cubes (chemical free) - frozen,,500 g,96,Yes,,,,,,,,,,,,,,,,,,,Meats,,,,
,Beef fillet Cubes Aussie,,500g,,,,,,170,Yes,,,,,,,,,,,,,,Meats,,,,
,Beef fillet petit steaks Aussie,,220g,,,,,,86.9,Yes,,,,,,,,,,,,,,Meats,,,,
,Beef Fillet Roast Aussie,,500g,,,,,,197.5,Yes,,,,,,,,,,,,,,Meats,,,,
,Beef Fillet Steaks Aussie,,500g,,,,,,197.5,Yes,,,,,,,,,,,,,,Meats,,,,
,Beef Fillet Strips Aussie,,500g,,,,,,170,Yes,,,,,,,,,,,,,,Meats,,,,
,Beef Fillet Whole Aussie,,2.2kg,,,,,,847,Yes,,,,,,,,,,,,,,Meats,,,,
,Beef kofta- Aussie,,490g,,,,,,48.51,Yes,,,,,,,,,,,,,,Meats,,,,
151005,Beef liver ( Chemical free ) - frozen,,500 g,68,Yes,45,Yes,90le/1kg,,,,,,,35.87,Yes,38le/250ml,,,,,,,Meats,,,,
,Beef liver/kidney/heart,,500g,,,,,,,,,,,,,,,,,,,,,Meats,,,,
,Beef meatballs - Aussie,,480g,,,,,,47.52,Yes,,,,,,,,,,,,,,Meats,,,,
151006,Beef mince - no fat (chemical free) - frozen,,"500 g zero fat, free range 100% grass feed",62,Yes,44,Yes,,,,,,,,,,,,,,,,,Meats,,,,
151007,Beef mince (chemical free) - frozen,,500 g Free range 100% grass feed,55,Yes,40,Yes,,,,,,,,,,,,,,,,,Meats,,,,
,Beef minced  ,,500g,,,,,,,,,,,,,,,,,,25,Yes,"Atyab, 17.5le/350g",Meats,,,,
,Beef minced - Aussie lean,,500g,,,,,,47.5,Yes,,,,,,,,,,,,,,Meats,,,,
,Beef minced - no fat,,500g,,,,,,,,,,,,,,,,,,,,,Meats,,,,
,Beef Peper steaks Aussie,,500g,,,,,,60,Yes,,,,,,,,,,,,,,Meats,,,,
,Beef Rib Eye Roast Aussie,,600g,,,,,,177,Yes,,,,,,,,,,,,,,Meats,,,,
,Beef Rib Eye Steaks Aussie,,500g,,,,,,147.5,Yes,,,,,,,,,,,,,,Meats,,,,
,Beef Rib Eye Whole Aussie,,5 - 6 kg,,,,,,"1,567.50",Yes,,,,,,,,,,,,,,Meats,If none is there we take NGS price,,,
,Beef Roast Italian Stuffed,,,,,,,,290,yes,,,,,,,,,,,,,,Meats,Otherwise we take average of the ones available,,,
,Beef Shabu Shabu Sirloin (4 pc),,1kg,,,,,,290,Yes,,,,,,,,,,,,,,Meats,,,,
,Beef shank ,,500g,,,,,,,,,,,,,,,,,,,,,Meats,,,,
151008,Beef shanks ( Chemical free ) - frozen,,"500 g
<p>free range 100% grass fed</p>",54,Yes,,,,,,,,,,,,,,,,,,,Meats,,,,
,Beef shoulder cubes Aussie,,500g,,,,,,60,Yes,,,,,,,,,,,,,,Meats,,,,
,Beef Sirloin Roast Aussie,,600g,,,,,,162,Yes,,,,,,,,,,,,,,Meats,,,,
,Beef Sirloin Steaks Aussie,,500g,,,,,,135,Yes,,,,,,,,,,,,,,Meats,,,,
,Beef Sirloin Whole Aussie,,54kg,,,,,,"1,404.00",Yes,,,,,,,,,,,,,,Meats,,,,
,Beef Stir-fry Aussie,,450-550g,,,,,,77,Yes,,,,,,,,,,,,,,Meats,,,,
151009,Beef strips (chemical free) - frozen,,"500 g
<p>Free range 100% grass fed</p>",62,No,,,,,,,,,,,,,,,,,,,Meats,,,,
,Beef Topside Roast Aussie,,850g,,,,,,102,Yes,,,,,,,,,,,,,,Meats,,,,
,Beef Topside Steak Aussie,,500g,,,,,,60,Yes,,,,,,,,,,,,,,Meats,,,,
,Beef Wagyu Beef Fillet Whole Aussie,,3kg,,,,,,"2,040.00",Yes,,,,,,,,,,,,,,Meats,,,,
,Beef Wagyu Fillet Steaks Aussie,,500g,,,,,,349.5,Yes,,,,,,,,,,,,,,Meats,,,,
,Beef Wagyu Shabu Shabu Aussie,,1kg,,,,,,590,Yes,,,,,,,,,,,,,,Meats,,,,
,Beef Wagyu Sirloin Steaks,,250g,,,,,,142.5,Yes,,,,,,,,,,,,,,Meats,,,,
,Beef Wagyu Topside steak Aussie,,500g,,,,,,72.5,Yes,,,,,,,,,,,,,,Meats,,,,
,Beet,,500g,,,4,Yes,,7,Yes,,,,,,,,,,,,,,Vegetables,,,,
,"Beet, Colored",,250g,,,6.75,Yes,,,,,,,,,,,,,,,,,Vegetables,,,,
281006,Beet root powder,,"50g
<p><span style=""font-size: 9pt; font-family: Calibri, sans-serif;"">Health benefits</span></p>

<p><span style=""font-size: 9pt; font-family: Calibri, sans-serif;"">-Good for anemia and low blood hemoglobin</span></p>

<p><span style=""font-size: 9pt; font-family: Calibri, sans-serif;"">-Cancer prevention</span></p>

<p><span style=""font-size: 9pt; font-family: Calibri, sans-serif;"">-Boosts stamina</span></p>

<p><span style=""font-size: 9pt; font-family: Calibri, sans-serif;"">-Aid liver and kidney functions</span></p>

<p><span style=""font-size: 9pt; font-family: Calibri, sans-serif;"">?</span></p>

<p><span style=""font-size: 9pt; font-family: Calibri, sans-serif;"">Indication</span></p>

<p><span style=""font-size: 9pt; font-family: Calibri, sans-serif;"">-two tablets a day or 1/2 tsp on a cup of water twice daily</span></p>

<p class=""MsoNormal""><span style=""font-size: 14.0pt; line-height: 115%;"">?</span></p>",44,Yes,,,,,,,,,,,,,,,,,,,Packaged Products,,,,
501006,Beetroot (chemical free),,250 g,5.5,No,,,,,,,,,,,,,,,,,,,Vegetables,,,,
221001,Bench press oats with apple and cinnamon ( with whey protein ),Bench Pressed Oats,,24,Yes,,,,,,,,,,,,,,,,,,,Packaged Products,,,,
541002,Bentonite clay soap,,,25,Yes,,,,,,,,,,,,,,,,,,,Cosmetics,,,,
441002,Berry mix ( frozen ),,300g,59,Yes,,,,33,Yes,110le/1kg,,,,,,,,,,,,,Fruits,,,,
,Black Beans Caribbean - organic,Eden Organic,,,,,,,,,, Not posted ,Yes,Call for price,,,,,,,,,,Packaged Products,,,,
241019,Black olives (natural),,500 g,45,Yes,,,,,,,,,,,,,,,,11,Yes,"Wadi Food natural, 22le/1kg",Packaged Products,,,,
431002,Black Pepper (ground),Tropical Heat,,13,Yes,,,,15,No,"Abido, 15le/100g",,,,,,,,,,14.5,Yes,"El doha, 14.5le/70g",Packaged Products,,,,
431003,Black Pepper grinder,,,41,Yes,,,,41,Yes,Carmencita 50g,,,,,,,,,,,,,Packaged Products,,,,
431027,Black peppercorn,,,35.4,No,,,,,,,,,,,,,,,,,,,Packaged Products,,,,
211003,Black Plate T19/44,,,,No,,,,,,,,,,,,,,,,,,,Home Appliances,,,,
211001,Black Plate T9/57,,,,No,,,,,,,,,,,,,,,,,,,Home Appliances,,,,
,Black Seed - organic,Imtenan,100g,,,,,,,,,,,,,,,,,,,,,Packaged Products,,,,
291002,Black Seeds (Egyptian),,100 g,11,Yes,,,,14.5,Yes,,,,,,,,,,,9.23,Yes,"El doha, 6le/65g",Packaged Products,,,,
60004,Black tea (organic),,40 tea bags,35,No,,,,37,Yes,Ridgways,,,,,,,,,,,,,Packaged Products,,,,
441003,Blackberries ( frozen ),,300g,59,Yes,,,,,,,,,,,,,,,,,,,Fruits,,,,
281095,Blue agave syrup (Raw) - organic,Wholesome Sweeteners,333g,62,Yes,,,,54.57,Yes,, Not posted ,Yes,Call for price,,,,,,,,,,Packaged Products,,,,
441004,Blueberries ( frozen ),,300g,82.5,Yes,,,,35.7,Yes,119le/1kg,,,,,,,,,,,,,Fruits,,,,
361002,Blueberry juice,the berry company,1 liter,30,No,,,,30,Yes,,,,,,,,,,,,,,Packaged Products,,,,
261001,Body butter with vanilla,Healing herbs boutique,120 ml,90,Yes,,,,,,,,,,,,,,,,,,,Cosmetics,,,,
261002,Body butter with white musk and brown sugar,Healing herbs boutique,120 ml,90,Yes,,,,,,,,,,,,,,,,,,,Cosmetics,,,,
261003,Body lotion with green tea & lemon grass,Healing herbs boutique,"250ml
<p>100% natural</p>",120,Yes,,,,,,,,,,,,,,,,,,,Cosmetics,,,,
261004,Body massage Oil (lavander),Healing herbs boutique,125 ml,70,Yes,,,,,,,,,,,,,,,,,,,Cosmetics,,,,
261005,Body massage oil with red rose effect,Healing herbs boutique,125 ml,70,Yes,,,,,,,,,,,,,,,,,,,Cosmetics,,,,
261028,Body oil with coconut (healing),,125 ml,72,Yes,,,,,,,,,,,,,,,,,,,Cosmetics,,,,
261006,Body scrub with almond and oat,Healing herbs boutique,250 g,70,Yes,,,,,,,,,,,,,,,,,,,Cosmetics,,,,
261007,Body scrub with coffee & vanilla (anti-cellulite),Healing herbs boutique,250 ml,70,Yes,,,,,,,,,,,,,,,,,,,Cosmetics,,,,
261008,body scrub with green tea & lemon grass,Healing herbs boutique,250g 100% natural,65,Yes,,,,,,,,,,,,,,,,,,,Cosmetics,,,,
70001,Bolti fillet (chemical free),,500 g,56,No,,,,,,,,,,,,,,,,,,,Fish,,,,
281073,Bread mix (heartly whole grain),Bob's Red Mill,567g,52,Yes,,,,,,,35,Yes,,,,,,,,,,,Packaged Products,,,,
301002,Breadcrumbs (gluten free),,300 g,48,No,,,,,,,,,,,,,,,,,,,Packaged Products,,,,
301003,Breadsticks ( gluten free ),,150g,44,No,,,,,,,,,,,,,,,,,,,Packaged Products,,,,
,Broccoli ,,piece,,,14,Yes,,,,,,,,,,,,,,14.5,Yes,,Vegetables,,,,
341007,Broccoli (chemical free),,500g,8,No,,,non organic only,,,,,,,,,,,,,,,,Vegetables,,,,
341008,Broccoli Romanesco (chemical free),,250 g,30,No,,,,,,,,,,,,,,,,,,,Vegetables,,,,
291003,Brown rice ( Egyptian ),,"500gm
<p>Kheir Misr 100% natural Brown RiceThe reason brown rice has many more nutrients than regular white rice and people in many countries have started replacing white rice with brown rice, is due to the fact that brown rice has only the outer layer, called the hull, removed while white rice has been completely polished and refined . The process to change natural or brown rice to white rice destroys most its nutrients, yet manufacturers still do it for convenience as it makes rice store longer and easier. Next time you start feeling sluggish; reach for brown rice as a source of energy. Brown rice has more than 80% of your daily value of manganese, which gives you energy from both carbs and protein. Manganese also helps synthesize fatty acids, which keeps your nervous system in working order. The fiber in brown rice produces the best health benefit of all; fat burning! In addition to requiring more of your body to break it down, the fiber in brown rice helps satisfy your appetite and therefore decreasing your chances of overeating. That is the equation for fat loss; eat less and burn more! The fiber and selenium found in brown rice can also reduce your risk of many types of cancer, which I?d say is a health benefit we could all use. Finally, Omega oils found in brown rice can help lower cholesterol, which according to research, we eat too much of already. When you cook brown rice, you would need to soak it in water for around 25 minutes to 30 minutes before doing the normal cooking process.?</p>",9,Yes,,,,,,,,,,,,,,,,,,,Grains,,,,
611001,Brown rice (short grain) - Egyptian,,1Kg,24,No,,,,,,,,,,,,,,,,,,,Grains,,,,
281110,Brown rice cakes (organic) - gluten free,Lundberg,,42,Yes,,,,,,, Not posted ,Yes,Call for price,,,,,,,,,,Packaged Products,,,,
281111,Brown rice cakes with flax and tamari (organc) - gluten free,Lundberg,,42,Yes,,,,,,, Not posted ,Yes,Call for price,,,,,,,,,,Packaged Products,,,,
281112,Brown rice couscos - organic (gluten free),,198g,38,Yes,,,,,,, Not posted ,Yes,Call for price,,,,,,,,,,Grains,,,,
,Brown Rice Crackers (gluten free),Eden,75g,,,,,,,,, Not posted ,Yes,Call for price,,,,,,,,,,Packaged Products,,,,
,Brown Rice Flakes - organic,Eden,,,,,,,,,, Not posted ,Yes,Call for price,,,,,,,,,,Packaged Products,,,,
281007,Brown rice flour ( Gluten free ),Bob's Red Mill,680g,40,Yes,,,,,,,40,Yes,,,,,,,,,,,Packaged Products,,,,
281008,Brown rice Penne ( American ) - gluten free - organic 340g,Lundberg,284g,45,Yes,,,,,,,45,Yes,340g,,,,,,,,,,Packaged Products,,,,
281009,Brown rice rotini ( American ) - gluten free - organic 284g,Lundberg,284g,49,Yes,,,,,,,45,Yes,284g,,,,,,,,,,Packaged Products,,,,
281010,Brown rice spaghetti ( American ) - gluten free - organic 284g,Lundberg,284g,45,No,,,,,,,45,Yes,284g,,,,,,,,,,Packaged Products,,,,
291004,Brown sugar,Kheir Misr 100% natural,500gm,13,No,,,,24,Yes,,,,,,,,,,,,,,Packaged Products,,,,
281011,Brownie mix ( gluten free ) 595g,Bob's Red Mill,595g,62,Yes,,,,,,,55,Yes,,,,,,,,,,,Packaged Products,,,,
341009,Brussels sprouts (chemical free),,500 gm,15,No,,,,,,,,,,,,,,,,,,,Vegetables,,,,
281053,Buckwheat ( hulled ) - organic 454g,Eden,454g,35,Yes,,,,40.86,Yes,"Primeal, 45le/500g",35,Yes,,,,,,,,,,,Grains,,,,
,Buckwheat Crispbread Organic,Le Pain des fleurs,125g,,,,,,49,No,,,,,,,,,,,,,,Packaged Products,,,,
,Buckwheat roasted organic,Primeal,500g,,,,,,75,Yes,,,,,,,,,,,,,,Grains,,,,
281063,Bulgur (golden),Bob's Red Mill,793g,62,Yes,,,,15.06,Yes,"Duru, 19le/1kg",,,,,,,,,,,,,Grains,,,,
281122,Burdock Root (organic),,,84,Yes,,,,,,,,,,,,,,,,,,,Packaged Products,,,,
,Buttery Caramel Rice Cakes - gluten free - organic,Lundberg,269g,,,,,,,,, Not posted ,Yes,Call for price,,,,,,,,,,Packaged Products,,,,
,Cabbage,,per piece,,,10,Yes,,7,No,,,,,,,,,,,,,,Vegetables,,,,
90001,Camel milk (frozen),,"450ml
<p>100% natural milk?</p>

<p>Camels are Local grain and grass fed</p>

<p>frozen</p>",14,Yes,,,,,,,,,,,,,,,,,,,Milk/Eggs,,,,
60002,Camomile and spearmint herbal tea (organic),,20 bags Organic,28,No,,,,,,,,,,,,,,,,,,,Packaged Products,,,,
281099,Caramel cookies (animal shaped) - gluten free,Sam Mills,,46,Yes,,,,,,,,,,,,,,,,,,,Packaged Products,,,,
461003,Caraway (chemical free ),,100 g,14,No,,,,,,,,,,,,,,,,,,,Packaged Products,,,,
431004,Cardamoms,Tropical Heat,,28,Yes,,,,43,Yes,"Abido ground cardamom, 43le/50g",,,,9.75,Yes,,,,,12.5,Yes,"El doha, 12.5/40g",Packaged Products,,,,
251003,Carrot cake (Gluten free) - traces of gluten,,,28,Yes,,,,,,,,,,,,,,,,,,,Packaged Products,,,,
431005,Cayenne Pepper,Tropical Heat,50g,16,No,,,,,,,,,,,,,,,,,,,Packaged Products,,,,
,Celery   ,,500g,,,6,Yes,,25,No,5le/100g,,,,,,,,,,,,,Vegetables,,,,
431033,Celery salt,Tropical Heat,90g,12,Yes,,,,,,,,,,,,,,,,,,,Packaged Products,,,,
20006,Cherries,,250g,12,Yes,,,,11,Yes,,,,,,,,,,,,,,Fruits,,,,
341003,Cherry carrots (chemical free),,250g,8,No,,,,,,,,,,,,,,,,,,,Vegetables,,,,
341055,Cherry colored tomatoes (chemical free),,pack,11.25,Yes,11.95,Yes,250g organic,,,,,,,,,,,,,,,,Vegetables,,,,
241002,Cherry jam (natural),,500 g Homemade,60,Yes,,,,58.1,,43le/370g,,,,,,,,,,,,,Packaged Products,,,,
,Cherry tomato ,,250g,,,,,,8,Yes,,,,,,,,,,,,,,Vegetables,,,,
341051,Cherry tomato (chemical free),,250 g,8,Yes,11.95,Yes,,,,,,,,,,,,,,,,,Vegetables,,,,
241027,Cherry tomato jam,,500 g,60,Yes,,,,,,,,,,,,,,,,,,,Packaged Products,,,,
311001,Chia seeds,,500 g,105,No,,,,198,Yes,"Primeal, 99le/250g",,,,,,,,,,,,,Packaged Products,,,,
221002,Chia seeds (organic),,,98,Yes,,,,,,,105,Yes,Bob's Red Mill 453g,,,,,,,,,,Packaged Products,,,,
80001,Chicken breast,,1kg,67,Yes,49,Yes,1kg,81.66,Yes,49le/600g,,,,,,,,,,53.9,Yes,,Poultry,,,,
531001,Chicken Breasts (chemical free),,1 kg,66,No,,,,,,,,,,,,,,,,,,,Poultry,,,,
531002,Chicken Cutlets - Shishtawook (chemical free),,1 kg,56.1,No,,,,,,,,,,,,,,,,,,,Poultry,,,,
80002,Chicken cutlets (Shishtawook),,"
<tbody>

<tr>

<td style=""padding-top: 0cm; padding-right: 9.0pt; padding-bottom: 0cm; padding-left: 9.0pt;"">

<p class=""MsoNormal"" style=""margin-bottom: 0.0001pt; text-align: justify;""><span style=""font-family: 'Arial','sans-serif'; mso-ascii-theme-font: minor-bidi; mso-fareast-font-family: 'Times New Roman'; mso-hansi-theme-font: minor-bidi; mso-bidi-font-family: Arial; mso-bidi-theme-font: minor-bidi;"">Kheir Misr Poultry (Price per Kg before preparation)</span></p>

<p class=""MsoNormal"" style=""margin-bottom: 0.0001pt; text-align: justify;"">?</p>

<p style=""margin: 0cm 0cm 0.0001pt; text-align: justify; vertical-align: baseline; background-position: initial initial; background-repeat: initial initial;""><span style=""font-size: 11.0pt; font-family: 'Arial','sans-serif'; mso-ascii-theme-font: minor-bidi; mso-hansi-theme-font: minor-bidi; mso-bidi-theme-font: minor-bidi;"">We are proud to provide you with the highest quality, most juicy and tender local Egyptian poultry. We follow very high hygiene and animal welfare standards, our chicken are free range grain fed</span></p>

<p style=""margin: 0cm 0cm 0.0001pt; text-align: justify; vertical-align: baseline; background-position: initial initial; background-repeat: initial initial;""><span style=""font-size: 11.0pt; font-family: 'Arial','sans-serif'; mso-ascii-theme-font: minor-bidi; mso-hansi-theme-font: minor-bidi; mso-bidi-theme-font: minor-bidi;"">.</span></p>

<p style=""margin: 0cm 0cm 0.0001pt; text-align: justify; vertical-align: baseline; background-position: initial initial; background-repeat: initial initial;""><span style=""font-size: 11.0pt; font-family: 'Arial','sans-serif'; mso-ascii-theme-font: minor-bidi; mso-hansi-theme-font: minor-bidi; mso-bidi-theme-font: minor-bidi;"">The slaughter process is done according the Islamic shariaa and international hygiene standards are applied starting from the slaughter process, up to the delivery to your door step.?</span></p>

<p style=""margin: 0cm 0cm 0.0001pt; text-align: justify; vertical-align: baseline; background-position: initial initial; background-repeat: initial initial;""><span style=""font-size: 11.0pt; font-family: 'Arial','sans-serif'; mso-ascii-theme-font: minor-bidi; mso-hansi-theme-font: minor-bidi; mso-bidi-theme-font: minor-bidi;"">?</span></p>

<p style=""margin: 0cm 0cm 0.0001pt; text-align: justify; vertical-align: baseline; background-position: initial initial; background-repeat: initial initial;""><span style=""font-size: 11.0pt; font-family: 'Arial','sans-serif'; mso-ascii-theme-font: minor-bidi; mso-hansi-theme-font: minor-bidi; mso-bidi-theme-font: minor-bidi;"">The meat is refrigerated at all times, our chefs clean and prepare the meat for you to cook straight away minimizing your effort, time, and cost.</span></p>

<p style=""margin: 0cm 0cm 0.0001pt; text-align: justify; vertical-align: baseline; background-position: initial initial; background-repeat: initial initial;""><span style=""font-size: 11.0pt; font-family: 'Arial','sans-serif'; mso-ascii-theme-font: minor-bidi; mso-hansi-theme-font: minor-bidi; mso-bidi-theme-font: minor-bidi;"">?</span></p>

<p style=""margin: 0cm 0cm 0.0001pt; text-align: justify; vertical-align: baseline; background-position: initial initial; background-repeat: initial initial;""><span style=""font-size: 11.0pt; font-family: 'Arial','sans-serif'; mso-ascii-theme-font: minor-bidi; mso-hansi-theme-font: minor-bidi; mso-bidi-theme-font: minor-bidi;"">At NGS we care about you and your loved ones, we make sure you consistently get high quality meat free from any unnatural or dangerous chemicals.?</span></p>

</td>

</tr>

</tbody>

</table>",67,Yes,,,,,,,,,,,,,,,,,,,Poultry,,,,
80007,Chicken drumsticks,,1kg,41,Yes,39,Yes,,65,Yes,39le/600g,,,,,,,,,,,,,Poultry,,,,
531003,Chicken drumsticks (chemical free),,1 kg,40.8,No,,,,,,,,,,,,,,,,,,,Poultry,,,,
,Chicken gizzards,,1kg,,,20,Yes,,,,,,,,,,,,,,,,,Poultry,,,,
,Chicken gizzards & liver mix,,1kg,,,23,Yes,,,,,,,,,,,,,,,,,Poultry,,,,
,"Chicken Leg, boneless",,1kg,,,41,Yes,,,,,,,,,,,,,,,,,Poultry,,,,
80004,Chicken liver,,1 kg,41,Yes,32.5,Yes,,,,,,,,,,,,,,,,,Poultry,,,,
531004,Chicken Liver (chemical free),,500 g,18,No,,,,,,,,,,,,,,,,,,,Poultry,,,,
431028,Chicken masala,Tropical Heat,100 g,14,Yes,,,,,,,,,,,,,,,,,,,Poultry,,,,
721005,Chicken nuggets (Frozen),,500g,75,Yes,,,,,,,,,,,,,,,,,,,Poultry,,,,
721002,Chicken strips (Frozen),,500g,65,Yes,,,,60.93,Yes,39le/320g,,,,12.5,Yes,65g,,,,,,,Poultry,,,,
80003,Chicken thigh,,1 kg,37,Yes,32,Yes,,81.66,Yes,49le/600g,,,,,,,,,,22.9,Yes,,Poultry,,,,
80006,Chicken wings,,1kg,30,Yes,19.5,Yes,,,,,,,,,,,,,,,,,Poultry,,,,
,"Chicken, Whole (Medium)",,per piece,,,37.5,Yes,,39,Yes,,,,,,,,,,,,,,Poultry,,,,
,"Chicken, Whole (Small)",,per piece,,,30,Yes,,,,,,,,,,,,,,,,,Poultry,,,,
,"Chicken, Whole boneless",,1kg,,,42,Yes,,,,,,,,,,,,,,,,,Poultry,,,,
,Chili green pepper (organic),,250g,,,6.75,Yes,,,,,,,,,,,,,,,,,Vegetables,,,,
,Chili green pepper hot,,250g,,,,,,7,No,,,,,,,,,,,,,,Vegetables,,,,
,Chili red pepper (organic),,250g,,,6.75,Yes,,,,,,,,,,,,,,,,,Vegetables,,,,
431006,Chilli flakes,Tropical Heat,35g,19,Yes,,,,,,,,,,,,,,,,,,,Packaged Products,,,,
501010,Chinese radish (chemical free),,500 g,9,No,,,,,,,,,,,,,,,,,,,Vegetables,,,,
341010,chives (chemical free),,100g,5,Yes,,,,33,Yes,"Bustan aquaponics, 10le/30g",,,,,,,,,,,,,Vegetables,,,,
251004,Chocolate biscutis (Gluten free) - traces of gluten,,,23,No,,,,,,,,,,,,,,,,,,,Packaged Products,,,,
281012,Chocolate cake mix (gluten free),Bob's Red Mill,453g,50,Yes,,,,,,,50,Yes,,,,,,,,,,,Packaged Products,,,,
281013,Chocolate chip cookie mix ( gluten free ),Bob's Red Mill,453g,60,Yes,,,,,,,35,Yes,300g,,,,,,,,,,Packaged Products,,,,
,"Cilantro, fresh",,100g,,,,,,6,Yes,,,,,,,,,,,,,,Vegetables,,,,
281140,Cinnamon raisins bread mix (gluten free),,623g,58,Yes,,,,,,,60,Yes,,,,,,,,,,,Packaged Products,,,,
301004,Cioccolini ( gluten free ),,150g,51,No,,,,,,,,,,,,,,,,,,,Packaged Products,,,,
20007,Clementina,,1 kg,8,No,,,,,,,,,,,,,,,,,,,Fruits,,,,
241023,Clementine Jam (natural),,500g,60,No,,,,,,,,,,,,,,,,,,,Packaged Products,,,,
431007,Cloves,Tropical Heat,45g,22,Yes,,,,,,,,,,,,,,,,10.57,Yes,"El doha, 9.4le/40g",Packaged Products,,,,
301005,cocoa wafer cacao ( gluten free ),,125g,29,No,,,,,,,,,,,,,,,,,,,Packaged Products,,,,
281132,Coconut fine macaroon (unsweetened),,340g,44,Yes,,,,,,,,,,,,,,,,,,,Packaged Products,,,,
281014,Coconut flour,Bob's Red Mill,453g,85,Yes,,,,,,,85,Yes,,,,,,,,,,,Packaged Products,,,,
281015,Coconut oil ( Small glass jar ),Edible Haven,453ml,100,Yes,,,,,,,105,Yes,1/2K,,,,,,,,,,Oils,,,,
101001,Coconut oil (organic) - for cooking,Divine Coconut,500 ml,148,Yes,,,,,,,,,,,,,,,,,,,Oils,,,,
,Coconut Oil Fractionated for Skin/Hair,Imtenan,50ml,,,,,,,,,,,,,,,,,,,,,Cosmetics,,,,
101002,Coconut oil large (organic) - for cooking,,900 ml,236,No,,,,222.75,Yes,"NaturGreen brand, 99le/400g",,,,,,,,,,,,,Oils,,,,
541003,Coconut oil soap,Bubblzz,,40,Yes,,,,,,,,,,,,,,,,,,,Cosmetics,,,,
,Coconut oil Virgin,Imtenan,500ml,,,,,,,,,,,,,,,,,,,,,Oils,,,,
281016,Coconut palm Sugar 454g,,,68,No,,,,,,,,,,,,,,,,,,,Packaged Products,,,,
341011,Color beets (chemical free),,100 g,8,No,,,,,,,,,,,,,,,,,,,Vegetables,,,,
141003,Colored bell pepper (Chemical free),,500g,18,No,,,,14,Yes,,,,,12.5,Yes,,,,,,,,Vegetables,,,,
341012,Colored lettuce (chemical free),,250g,8,No,,,,,,,,,,,,,,,,,,,Vegetables,,,,
341013,Colored tomato (chemical free),,,11.25,Yes,,,,,,,,,,,,,,,,,,,Vegetables,,,,
281125,Conditioner with tea tree oil,,473ml,62,Yes,,,,,,, Not posted ,Yes,Call for price,,,,,,,,,,Cosmetics,,,,
281017,Conditioner with tea tree oil 473ml,,118ml,68.25,No,,,,,,,,,,,,,,,,,,,Cosmetics,,,,
171001,Cookies with wheat germ,Nature's selection,"100 g
<p><span style=""font-family: 'Courier New'; font-size: 13px;"">A fine and very tasty blend of Wheat Germ, Bee Honey Barley</span><br style=""font-family: 'Courier New'; font-size: 13px;"" /><span style=""font-family: 'Courier New'; font-size: 13px;"">and pure chocolate among other ingredients.</span><br style=""font-family: 'Courier New'; font-size: 13px;"" /><span style=""font-family: 'Courier New'; font-size: 13px;"">Very tasty, nutritious and filling.? It is a blessing when you</span><br style=""font-family: 'Courier New'; font-size: 13px;"" /><span style=""font-family: 'Courier New'; font-size: 13px;"">can enjoy a delicious snack with no sense of guilt at all.</span></p>",20,Yes,,,,,,,,,,,,,,,,,,,Packaged Products,,,,
501012,Coriander (chemical free),,250 g,5.5,Yes,,,,,,,,,,,,,,,,,,,Vegetables,,,,
,"Coriander, fresh",,100g,,,2.25,Yes,,8,Yes,,,,,,,,,,,2.4,Yes,No qty listed,Vegetables,,,,
301006,Corn flakes ( gluten free ),,,28,No,,,,,,,,,,,,,,,,,,,Packaged Products,,,,
651005,Corn flour (chemical free) - local,,800 g,19,No,,,,,,,,,,,,,,,,,,,Grains,,,,
281065,Couscous (golden),Bob's Red Mill,680g,56,Yes,,,,16.32,No,"Dalia, 24le/1kg",,,,,,,,,,,,,Grains,,,,
121001,Cow milk (chemical free) - frozen,,1 L,18,No,,,,,,,,,,,,,,,,,,,Milk/Eggs,,,,
361003,cranberry juice,the berry company,1 L,30,No,,,,30,Yes, ,,,,,,,,,,,,,Packaged Products,,,,
281018,Cranberry juice powder,,75g,62,Yes,,,,,,,,,,,,,,,,,,,Packaged Products,,,,
,Cucumber,,500g,,,4.75,Yes,,7,Yes,,,,,,,,,,,,,,Vegetables,,,,
461006,Cucumber (chemical free),,500g,7,Yes,,,,,,,,,,,,,,,,,,,Vegetables,,,,
461042,Cucumber (organic),,500g,12,No,9.75,Yes,,,,,,,,,,,,,,,,,Vegetables,,,,
431008,Cumin,Tropical Heat,,12,Yes,,,,11,No,"Abido ground cumin, 11le/80g",,,,,,,,,,6.51,Yes,"El doha, 6.51/65g",Packaged Products,,,,
,Cumin Organic,Imtenan,80g,,,,,,,,,,,,,,,,,,,,,Packaged Products,,,,
341014,Curly frise lettuce (chemical free),,500g,8,Yes,,,,,,,,,,,,,,,,,,,Vegetables,,,,
,Curly frise red,,500g,,,13.5,Yes,,,,,,,,,,,,,,,,,Vegetables,,,,
,Curly Frise red lettuce,,500g,,,13.5,Yes,,,,,,,,,,,,,,,,,Vegetables,,,,
431009,Curry powder,,,14,Yes,,,,13,Yes,"Abido, 13le/100g",,,,,,,,,,7.2,Yes,"El doha, 7.2le/70g",Packaged Products,,,,
281104,Dandelion Root Powder (organic) - local,,113g,82,Yes,,,,,,,,,,,,,,,,,,,Packaged Products,,,,
241003,Date jam with almonds & cloves (natural),,500 g,100,Yes,,,,,,,,,,,,,,,,,,,Packaged Products,,,,
20037,Dates (Iraqi),,250 g,6,Yes,,,,,,,,,,,,,,,,,,,Dried Fruits/Nuts,,,,
301007,Digestive biscuits with chocolate ( gluten free ),,150g,37,No,,,,,,,,,,,,,,,,,,,Packaged Products,,,,
501014,Dill (chemical free),,250 g,5.5,No,,,,,,,,,,,,,,,,,,,Vegetables,,,,
,Dill (fresh),,100g,,,2,Yes,,6,Yes,,,,,,,,,,,,,,Vegetables,,,,
301008,Disco Ciok ( gluten free ),,"
<p>165g</p>",38.5,No,,,,,,,,,,,,,,,,,,,Packaged Products,,,,
351001,Dried apple ( chemical free ),,75g,33,Yes,,,,,,,,,,,,,,,,,,,Dried Fruits/Nuts,,,,
351002,Dried apricots ( chemical free ),,75g,35,Yes,,,,,,,,,,,,,,,,,,,Dried Fruits/Nuts,,,,
40002,Dried apricots 250g,,250g,22,Yes,,,,24.16,Yes,Turkish,,,,,,,,,,15.26,Yes,"Abu Auf, 12.21le/200g",Dried Fruits/Nuts,,,,
351003,Dried banana (chemical free),,75g,33,Yes,,,,,,,,,,,,,,,,,,,Dried Fruits/Nuts,,,,
351004,Dried bay leaf ( chemical free ),,25g,19,Yes,,,,,,,,,,,,,,,,,,,Packaged Products,,,,
40003,Dried blueberries 250g,, ,64,Yes,,,,85,Yes,"34le/100g, from California",,,,,,,,,,,,,Dried Fruits/Nuts,,,,
,Dried Canteloupe green,,75g,,,20,Yes,,,,,,,,,,,,,,,,,Dried Fruits/Nuts,,,,
,Dried cherry   ,,75g,,,25,Yes,,23.25,Yes,"American, 31le/100g",,,,,,,,,,,,,Dried Fruits/Nuts,,,,
351005,Dried cherry (chemical free),,75g,42,Yes,,,,,,,,,,,,,,,,,,,Dried Fruits/Nuts,,,,
281101,Dried cranberry,Bob's Red Mill,,86,Yes,,,,,,, Not posted ,Yes,Call for price,,,,,,,,,,Dried Fruits/Nuts,,,,
40004,Dried cranberry 200g,,200g,53,No,,,,68,No,"American, 34le/100g",,,,,,,,,,,,,Dried Fruits/Nuts,,,,
,Dried dates   ,,75g,,,10,Yes,,,,,,,,,,,,,,2.35,Yes,"Abu Auf, 15.7le/500g",Dried Fruits/Nuts,,,,
351006,Dried dates ( chemical free ),,75g,16,Yes,,,,,,,,,,,,,,,,,,,Dried Fruits/Nuts,,,,
,Dried figs  ,,75g,,,15,yes,,5.25,Yes,"Turkish, 35le/500g",,,,,,,,,,,,,Dried Fruits/Nuts,,,,
351007,Dried figs ( Chemical free ),,75g,25,Yes,,,,,,,,,,,,,,,,,,,Dried Fruits/Nuts,,,,
,Dried fruit mix   ,,75g,,,20,Yes,,,,,,,,,,,,,,,,,Dried Fruits/Nuts,,,,
351009,Dried fruit mix ( chemical free ),,75g,33,Yes,,,,,,,,,,,,,,,,,,,Dried Fruits/Nuts,,,,
40005,Dried Goji Berries,,200g,54,No,,,,64,Yes,"32le/100g, Chinese",,,,,,,,,,,,,Dried Fruits/Nuts,,,,
351010,Dried grapfruit ( chemical free ),,75g,25,Yes,,,,,,,,,,,,,,,,,,,Dried Fruits/Nuts,,,,
351011,Dried Kiwi (chemical free),,15g,35,Yes,,,,,,,,,,,,,,,,,,,Dried Fruits/Nuts,,,,
351021,Dried lemongrass (chemical free),,75g,25,Yes,,,,,,,,,,,,,,,,,,,Packaged Products,,,,
351012,Dried mango (chemical free),,75g,35,Yes,,,,,,,,,,,,,,,,,,,Dried Fruits/Nuts,,,,
351013,Dried Mushroom (chemical free),,75g 100% natural,35,Yes,,,,90,Yes,"Wild dried mushrooms mix,  36le/30g",,,,,,,,,,,,,Packaged Products,,,,
351022,Dried nectarine (chemical free),,75g,42,Yes,,,,,,,,,,18.5,Yes,,,,,,,,Dried Fruits/Nuts,,,,
,Dried Oranges,,75g,,,15,Yes,,,,,,,,,,,,,,,,,Dried Fruits/Nuts,,,,
,Dried peach   ,,75g,,,25,Yes,,,,,,,,,,,,,,,,,Dried Fruits/Nuts,,,,
351023,Dried peach (chemical free),,75g,42,Yes,,,,,,,,,,,,,,,,,,,Dried Fruits/Nuts,,,,
,Dried pear   ,,75g,,,25,Yes,,,,,,,,,,,,,,,,,Dried Fruits/Nuts,,,,
351014,Dried pear ( Chemical free ),,75g,20,No,,,,,,,,,,,,,,,,,,,Dried Fruits/Nuts,,,,
351016,Dried peppers (chemical free),,75g 100% natural,20,Yes,,,,,,,,,,,,,,,,,,,Packaged Products,,,,
40006,Dried prune with pits 250g,,250g,24,Yes,,,,,,,,,,,,,,,,,,,Dried Fruits/Nuts,,,,
,Dried prunes   ,,75g,,,25,Yes,,6,Yes,American no pit,,,,,,,,,,3.15,Yes,"Abu Auf, 10.5le/250g",Dried Fruits/Nuts,,,,
351017,Dried prunes (chemical free),,75g,42,Yes,,,,,,,,,,,,,,,,,,,Dried Fruits/Nuts,,,,
,Dried soup mix  ,,75g,,,15,Yes,,,,,,,,,,,,,,,,,Packaged Products,,,,
351018,Dried soup mix (chemical free),,75g 100% natural,30,Yes,,,,,,,,,,,,,,,,,,,Packaged Products,,,,
351019,Dried strawberris ( chemical free ),,75g,42,Yes,,,,,,,,,,,,,,,,,,,Dried Fruits/Nuts,,,,
,Dried Tangerine/Mandarin,,75g,,,25,Yes,,,,,,,,,,,,,,,,,Dried Fruits/Nuts,,,,
,Dried tomato   ,,75g,,,16,Yes,,10.45,No,39le/280g,,,,,,,,,,,,,Vegetables,,,,
351020,Dried tomato (chemical free),,75g 100% natural,21,Yes,,,,,,,,,,,,,,,,,,,Vegetables,,,,
40007,Dried turkish figs 250g,,250g,13,Yes,,,,17.5,Yes,35le/500g,,,,,,,,,,,,,Dried Fruits/Nuts,,,,
661002,Duck (Chemical free),,2250g - 2750g fed on Barley grass,154,No,,,,,,,,,,,,,,,,,,,Poultry,,,,
501015,Duck(chemical free),,1200 kg-1400 kg,100,Yes,,,,,,,,,,26,Yes,,,,,,,,Poultry,,,,
281103,Dulse flakes (organic),Eden Organic,42g,46,Yes,,,,,,, Not posted ,Yes,Call for price,,,,,,,,,,Packaged Products,,,,
461007,Dutch fennel ( chemical free ),,100g,14,No,,,,,,,,,,,,,,,,,,,Vegetables,,,,
60005,Earl grey (organic),,40 tea bags,35,No,,,,37,Yes,Ridgways,,,,,,,,,,,,,Packaged Products,,,,
281137,Egg replacer (vegan),,453g,98,Yes,,,,,,,,,,,,,,,,,,,Milk/Eggs,,,,
,"Eggs, Organic",,10,,,22.75,Yes,,,,,,,,,,,,,,14,Yes,Proteino,Milk/Eggs,,,,
20008,Eshta khadra,,1kg,76,No,,,,,,,,,,,,,,,,,,,Fruits,,,,
281054,Essiac tea,,113g,105,Yes,,,,,,,,,,,,,,,,,,,Packaged Products,,,,
,Eucalyptus Oil,Imtenan,25ml,,,,,,,,,,,,,,,,,,,,,Oils,,,,
281019,Extra virgin sesame oil ( organic ) 473ml,Eden Organic,473ml,85,Yes,,,,111.63,Yes,"Naturgreen,59le/250ml",85,Yes,,,,,,,,,,,Oils,,,,
261009,Facial acne soap with ying yang oil,,30g,55,Yes,,,,,,,,,,,,,,,,,,,Cosmetics,,,,
261010,Facial milkwith green tea & cucumber,,125 ml 100% natural,70,Yes,,,,,,,,,,,,,,,,,,,Cosmetics,,,,
261011,Facial mist & toner,,125 ml,65,No,,,,,,,,,,,,,,,,,,,Cosmetics,,,,
261012,Facial mist & toner (normal and oily skin),,125 ml,65,No,,,,,,,,,,,,,,,,,,,Cosmetics,,,,
261013,Facial mist (orange blossom),,125 ml,40,No,,,,,,,,,,,,,,,,,,,Cosmetics,,,,
261014,Facial mud scrub (dry skin),,120g 100% natural,50,No,,,,,,,,,,,,,,,,,,,Cosmetics,,,,
261015,Facial serum for younger skin,Healing herbs boutique,15ml,50,Yes,,,,,,,,,,,,,,,,,,,Cosmetics,,,,
261016,Facial soap with goat milk,,50g,55,Yes,,,,,,,,,,,,,,,,,,,Cosmetics,,,,
461038,Fava beans (organic),,500g,28,Yes,,,,,,,,,,,,,,,,,,,Packaged Products,,,,
341015,Fennel (chemical free),,250g,8,No,,,,,,,,,,,,,,,,,,,Vegetables,,,,
301009,Fette croccanti ( gluten free ),,150g,30.25,No,,,,,,,,,,,,,,,,,,,Packaged Products,,,,
431010,Fireball with grinder,Tropical Heat,50g,41,Yes,,,,,,,,,,,,,,,,,,,Packaged Products,,,,
721001,Fish cakes (Frozen),,500g,70,Yes,,,,,,,,,,,,,,,,,,,Fish,,,,
431030,Fish masala,Tropical Heat,100g,12,Yes,,,,18,Yes,9le/50g,,,,,,,,,,,,,Packaged Products,,,,
,Fisherman's Salad (algae) organic,Primeal,50g,,,,,,89,Yes,,,,,,,,,,,,,,Packaged Products,,,,
281020,Flax milk original ( organic ),,946ml,32,No,,,,,,,,,,7.6,Yes,"Imtenan, 12le/300g",,,,,,,Milk/Eggs,,,,
281021,Flax milk unsweetened ( organic ),,946ml,32,No,,,,,,,,,,,,,,,,,,,Milk/Eggs,,,,
281022,Flax milk vanilla ( organic ),,946ml,32,No,,,,,,,,,,,,,,,,,,,Milk/Eggs,,,,
281023,Flax oil,Flax USA,236ml,69,Yes,,,,46.25,Yes,"Naturgreen, 49le/250ml",70,Yes,,,,,,,,,,,Oils,,,,
201001,Flax seed bread (organic),Mestemacher,500g,28.75,No,,,,,,,,,,,,,,,,,,,Packaged Products,,,,
,Flax Seed Brown Organic,Primeal,250g,,,,,,39,No,,,,,,,,,,,,,,Grains,,,,
291005,Flax Seeds ( Egyptian ) 100g,,100g,12,Yes,,,,,,,,,,,,,,,,,,,Grains,,,,
,Flaxseed and Goji Berries,Linwoods,200g,,,,,,79,Yes,,,,,,,,,,,,,,Packaged Products,,,,
,"Flaxseed,Sunflower,Pumpkin,Sesame and Goji berries",Linwoods,200g,,,,,,79,Yes,,,,,,,,,,,,,,Packaged Products,,,,
301010,Flour & yeast mix ( gluten free ),,500g,33,No,,,,,,,,,,,,,,,,,,,Packaged Products,,,,
421001,Foot spray (natural),,120ml,35,Yes,,,,,,,,,,,,,,,,,,,Cosmetics,,,,
491001,Forest honey ( spanish ),El Brezal,250g,40,No,,,,,,,,,,,,,,,,,,,Packaged Products,,,,
281085,Freekeh (cracked) - organic,Bob's Red Mill,453g,66,Yes,,,,,,,,,,,,,,,,,,,Grains,,,,
341050,French parsely (chemical free),,pack,8,No,,,,,,,,,,,,,,,,,,,Vegetables,,,,
20009,Fresh ginger (imported),,250g,10.5,Yes,14,Yes,,12.5,No,50le/1kg,,,,,,,,,,,,,Vegetables,,,,
,Fruit-n-Nut bar,Eat Natural,50g,,,,,,14,Yes,Not organic (Apricot/almond/coconut/yoghurt)(Brazil/sultanas/almonds/peanut/hazelnut)(Cranberry/macadamia/dk chocolate),,,,,,,,,,,,,Packaged Products,,,,
301011,Fusilli ( gluten free ),,250g,25,No,,,,52,Yes,Rustichella d'abruzzo,,,,,,,,,,,,,Packaged Products,,,,
431011,Garam Masala,Tropical Heat,,12,Yes,,,,,,,,,,,,,,,,,,,Packaged Products,,,,
461009,Garlic (chemical free),,250g,8,Yes,,,,,,,,,,,,,,,,,,,Vegetables,,,,
20041,Garlic (pealed),,100g,4,No,,,,,,,,,,,,,,,,,,,Vegetables,,,,
,Garlic Chinese,,250g,,,5.75,Yes,,,,,,,,,,,,,,,,,Vegetables,,,,
431012,Garlic powder,Tropical Heat,60g,14,Yes,,,,14,No,"Abido,14le/100g",,,,,,,,,,,,,Packaged Products,,,,
431032,Ginger (ground),,,16,Yes,,,,8,Yes,"Abido, 8le/50g",,,,,,,,,,,,,Packaged Products,,,,
251005,Ginger cake (Gluten free) - traces of gluten,,,28,Yes,,,,,,,,,,,,,,,,,,,Packaged Products,,,,
251006,Ginger cookies (Gluten free) - traces of gluten,,,23,No,,,,,,,,,,,,,,,,,,,Packaged Products,,,,
241004,Ginger jam (natural),,500 g Homemade,60,No,,,,,,,,,,,,,,,,,,,Packaged Products,,,,
331003,Goat cheese (natural),,250g,68,Yes,,,,,,,,,,,,,,,,,,,Milk/Eggs,,,,
331001,"Goat, Sheep, and cow milk mixed Cheese",Garcia Baquero,150g,60,Yes,,,,52,Yes,,,,,,,,,,,,,,Milk/Eggs,,,,
221003,Goji berries,Of The Earth Superfoods,150g,64,Yes,,,,,,,,,,,,,,,,,,,Dried Fruits/Nuts,,,,
40008,Golden Flaxseeds,,680g,48,No,,,,106.08,No,"Primeal, 39le/250g",60,Yes,Call for price,,,,,,,,,,Grains,,,,
40009,Golden raisins 250g,,250g,14,Yes,,,,25,Yes,,,,,27.2,Yes,16le/200g,,,,,,,Dried Fruits/Nuts,,,,
241016,Gooseberry jam (natural,,500g,60,Yes,,,,,,,,,,,,,,,,,,,Packaged Products,,,,
,Granola - Apple Blueberry,Bob's Red Mill,340g,,,,,,,,, Not posted ,Yes,Call for price,,,,,,,,,,Packaged Products,,,,
,Granola - Apple Cinnamon,Bob's Red Mill,340g,,,,,,,,, Not posted ,Yes,Call for price,,,,,,,,,,Packaged Products,,,,
,Granola - Apple Strawberry ,Bob's Red Mill,340g,,,,,,,,, Not posted ,Yes,Call for price,,,,,,,,,,Packaged Products,,,,
,Granola - Crunchy Coconut,Bob's Red Mill,510g,,,,,,,,, Not posted ,Yes,Call for price,,,,,,,,,,Packaged Products,,,,
,Granola - No Fat Added natural,Bob's Red Mill,340g,,,,,,,,, Not posted ,Yes,Call for price,,,,,,,,,,Packaged Products,,,,
251007,Granola bars,,,23,No,,,,,,,,,,,,,,,,,,,Packaged Products,,,,
281094,Granola bars (blueberry),Sam Mills,141.75g,54,No,,,,,,,,,,,,,,,,,,,Packaged Products,,,,
281091,Granola bars (dark Chocolate),Sam Mills,124g,54,No,,,,,,,,,,,,,,,,,,,Packaged Products,,,,
281093,Granola bars (fruit mix),Sam Mills,141.75g,54,No,,,,,,,,,,,,,,,,,,,Packaged Products,,,,
281092,Granola bars (trail mix),Sam Mills,141.75g,54,No,,,,,,,,,,,,,,,,,,,Packaged Products,,,,
,Granola Muesli bar ,Sante,35g,,,,,,4.5,Yes,standard granola,,,,,,,,,,,,,Packaged Products,,,,
221004,Granola with fruits and seeds ( gluten free ),alara,,52,No,,,,,,,,,,15,Yes,,,,,,,,Packaged Products,,,,
281130,Grape butter (organic),,227g,48,Yes,,,,,,, Not posted ,Yes,"Call for price, Eden",,,,,,,,,,Packaged Products,,,,
241012,Grape Jam (natural),,500g,60,No,,,,,,,,,,,,,,,,,,,Packaged Products,,,,
281107,Grean tea with rose hips & petals (organic),Eden,16 bags,38,Yes,,,,,,,,,,,,,,,,,,,Packaged Products,,,,
20010,Green apples (French) - imported,,1kg,31,Yes,26,Yes,(American),26,Yes,,,,,,,,,,,,,,Fruits,,,,
30001,Green asparagus,,300 g - 350 g,14,No,,,,43.8,Yes,73le/500g,,,,,,,,,,,,,Vegetables,,,,
341016,Green asparagus (chemical free),,300g,18,No,,,,,,,,,,,,,,,,,,,Vegetables,,,,
30002,Green asparagus (jumbo),,300-350g,16,No,,,,,,,,,,,,,,,,,,,Vegetables,,,,
,Green Batavia Lettuce Hydroponics,,,,,,,,11,No,,,,,,,,,,,,,,Vegetables,,,,
701003,Green Beans,,500g,8,No,5,Yes,,10,No, 8le/400g,,,,,,,,,,3.55,Yes,7.10le/1kg,Vegetables,,,,
341017,Green beans (chemical free) - french,,250g,22,Yes,,,,,,,,,,,,,,,,,,,Vegetables,,,,
,Green beans (organic),,500g,,,9,Yes,,14,No,7le/250g,,,,,,,,,,,,,Vegetables,,,,
40010,Green coffee (natural weight loss),,20 sachets,22,No,,,,,,,,,,,,,,,,,,,Packaged Products,,,,
341018,Green Curly lettuce (chemical free),,150g,8,No,,,,,,,,,,,,,,,,,,,Vegetables,,,,
,Green iceberg lettuce  ,,per piece,,,4,Yes,,7,Yes,,,,,,,,,,,,,,Vegetables,,,,
341019,Green iceberg lettuce (chemical free),,per piece,6,Yes,,,,,,,,,,,,,,,,,,,Vegetables,,,,
241005,Green olives (natural),,500g,40,Yes,,,,,,,,,,,,,,,,7.85,Yes,"Wadi Food Natural, 15.7le/1kg",Packaged Products,,,,
461010,Green Onion ( chemical free ),,250g,10,No,,,,,,,,,,,,,,,,,,,Vegetables,,,,
,Green Pepper (Capsicum),,500g,,,5.5,Yes,,,,,,,,,,,,,,,,,Vegetables,,,,
,Green Pepper Organic,,250g,,,,,,9,Yes,,,,,,,,,,,,,,Vegetables,,,,
,Green Romaine Lettuce Hydroponics,,,,,,,,11,Yes,,,,,,,,,,,,,,Vegetables,,,,
291014,Green tea (organic),,300g,18,Yes,,,,,,,,,,,,,,,,,,,Packaged Products,,,,
361004,Green tea blueberry juice,,1 L,30,No,,,,,,,,,,,,,,,,,,,Packaged Products,,,,
60008,Green tea with jasmine,,,26.5,No,,,,,,,,,,,,,,,,,,,Packaged Products,,,,
20011,Guava,,1kg,12,No,,,,,,,,,,,,,,,,,,,Fruits,,,,
241022,Guava jam (natural),,500g,60,Yes,,,,,,,,,,,,,,,,,,,Packaged Products,,,,
281114,Guilt free noodles with garlic & herb (gluten free),,198g,24,Yes,,,,,,,,,,,,,,,,,,,Packaged Products,,,,
281116,Guilt free noodles with spinach (gluten free),,198g,24,Yes,,,,,,,,,,,,,,,,,,,Packaged Products,,,,
,Guiltless Oatmeal Cookie Mix,SigNature,,,,,,,,,,,,,45,Yes,90le/250g,,,,,,,Packaged Products,,,,
261017,Hair conditioner with argan oil,Healing herbs boutique,"125ml with Vitamin B5,100% natural",60,No,,,,,,,,,,,,,,,,,,,Cosmetics,,,,
421002,Hair conditioning cream (natural),,Panadora 150 ml,35,Yes,,,,,,,,,,,,,,,,,,,Cosmetics,,,,
421003,Hair oil (natural),,Panadora 100 ml,200,Yes,,,,,,,,,,,,,,,,,,,Cosmetics,,,,
261018,Hair serum (anti-frizz),Healing herbs boutique,30ml,60,Yes,,,,,,,,,,,,,,,,,,,Cosmetics,,,,
261019,Hair serum (shine and split ends),Healing herbs boutique,30ml,60,Yes,,,,,,,,,,,,,,,,,,,Cosmetics,,,,
421004,Hair spray,,Panadora 120 ml,130,Yes,,,,,,,,,,,,,,,,,,,Cosmetics,,,,
151010,Hamburger (chemical free) - frozen,,500 g Free range 100 % grass fed,52,Yes,,,,,,,,,,,,,,,,,,,Meats,,,,
291007,Herbal Filter,,,15,No,,,,,,,,,,,,,,,,,,,Home Appliances,,,,
291008,Herbal Tea Pot,,,66,Yes,,,,,,,,,,,,,,,,,,,Home Appliances,,,,
281024,Homemade bread mix ( gluten free ) 453g,,453g,56,Yes,,,,,,,60,Yes,Bob's Red Mill,,,,,,,,,,Packaged Products,,,,
301012,Honey biscuits ( gluten free ),,200g,36,No,,,,,,,,,,,,,,,,,,,Packaged Products,,,,
,Honey Nut Rice Cakes - gluten free - organic,Lundberg,269g,,,,,,,,, Not posted ,Yes,Call for price,,,,,,,,,,Packaged Products,,,,
,Honey organic,,500g,,,,,,85,No,,,,,,,,,,,,,,Packaged Products,,,,
,Honey pure Hadramy Mountain Sidr,Imtenan,180g,,,,,,,,,,,,,,,,,,,,,Packaged Products,,,,
541001,Honey soap,Bubblzz,,25,Yes,,,,,,,,,,,,,,,,,,,Cosmetics,,,,
291009,Honey Spoon,,,3,No,,,,,,,,,,,,,,,,,,,Home Appliances,,,,
,Honey Wild Blossom,Imtenan,250g,,,,,,,,,,,,,,,,,,,,,Packaged Products,,,,
,"Honey, Orange Blossom",,500g,,,49.5,No,,55.71,Yes,39le/350g,,,,,,,,,,,,,Packaged Products,,,,
281062,Horny Goat Powder,,40g,36,Yes,,,,,,,,,,,,,,,,,,,Packaged Products,,,,
,Hot green pepper,,500g,,,5.5,Yes,,,,,,,,,,,,,,,,,Vegetables,,,,
,Hurom juicer HF model,,,,,,,,"4,850.00",No,,,,,,,,,,,,,,Home Appliances,,,,
,Hurom juicer HH model,,,,,,,,"4,250.00",No,,,,,,,,,,,,,,Home Appliances,,,,
271001,Hurom slow juicer,,,"3400.00",No,,,,"3400.00",No,HE model,,,,,,,,,,,,,Home Appliances,,,,
,Italian basil   ,,250g,,,5.5,Yes,,,,,,,,,,,,,,,,,Vegetables,,,,
341020,Italian basil (chemical free),,100g,8,Yes,,,,,,,,,,,,,,,,,,,Vegetables,,,,
20012,Kaka Fruit,,1kg,12,No,,,,,,,,,,,,,,,,,,,Fruits,,,,
,Kale  ,,100g,,,20.25,Yes,,,,,,,,,,,,,,,,,Vegetables,,,,
341021,Kale (chemical free),,100g,22,Yes,,,,20,No,Hydroponics Frisee,,,,,,,,,,,,,Vegetables,,,,
,Kidney Beans Dark - Organic,Eden Organic,,,,,,,,,, Not posted ,Yes,Call for price,,,,,,,,,,Packaged Products,,,,
20013,Kiwi,,per piece,4,Yes,2.75,Yes,,3,Yes,,,,,,,,,,,,,,Fruits,,,,
281108,Kukicha loose twig tea - Japanese (organic),Eden,49g,38,Yes,,,,,,, Not posted ,Yes,Call for price,,,,,,,,,,Packaged Products,,,,
331005,Lactose free cheese,,250g,68,Yes,,,,,,,,,,,,,,,,,,,Milk/Eggs,,,,
,Lamb foreshank bone-in Aussie,,950g,,,,,,108.9,Yes,,,,,,,,,,,,,,Meats,,,,
,Lamb Leg Boneless Aussie,,2.5 - 2.8 kg,,,,,,389.2,Yes,,,,,,,,,,,,,,Meats,,,,
,Lamb Leg w bone,,2.4 - 2.8 kg,,,,,,277.2,Yes,,,,,,,,,,,,,,Meats,,,,
,Lamb Rack Aussie,,700 - 950g,,,,,,304,Yes,,,,,,,,,,,,,,Meats,,,,
,Lamb Rack Chops Aussie (8 pc),,700 - 950g,,,,,,308.75,Yes,,,,,,,,,,,,,,Meats,,,,
241017,Lareng jam (natural),,500g,60,Yes,,,,,,,,,,,,,,,,,,,Packaged Products,,,,
721006,Lean meat ball (Frozen),,500g,95,Yes,,,,,,,,,,,,,,,,,,,Meats,,,,
461011,Leek ( chemical free ),,150g,7,No,,,,,,,,,,,,,,,,,,,Vegetables,,,,
461013,Lemon ( chemical free ),,250g,9,No,,,,,,,,,,,,,,,,,,,Fruits,,,,
,Lemon (adalia),,1kg,,,23,Yes,,12,No,6le/500g,,,,,,,,,,,,,Fruits,,,,
60007,Lemon and ginger tea,,,26.5,No,,,,,,,,,,,,,,,,,,,Packaged Products,,,,
341022,Lemon grass (chemical free),,100g,4,Yes,,,,,,,,,,,,,,,,,,,Vegetables,,,,
431031,Lemon pepper seasoning,,,22,Yes,,,,,,,,,,,,,,,,,,,Packaged Products,,,,
,Lemongrass,,500g,,,13.5,Yes,,30,Yes, 6le/100g,,,,,,,,,,,,,Vegetables,,,,
,Lettuce Baby leaf mix Hydroponics,,150g,,,,,,20.5,No,,,,,,,,,,,,,,Vegetables,,,,
,Lettuce French - colors,,per piece,,,10,Yes,,,,,,,,34,Yes,31le/450g,,,,,,,Vegetables,,,,
701002,Lime,,500g,10,Yes,10,Yes,,12,Yes,,,,,,,,,,,,,,Fruits,,,,
461012,Lime(chemical free),,250g,9,No,,,,,,,,,,,,,,,,,,,Fruits,,,,
441005,Lingoberries ( frozen ) ( cranberry ),,300g,59,Yes,,,,,,,,,,,,,,,,,,,Fruits,,,,
281127,Liquid soap with tea tree oil,,236 ml,42,Yes,,,,,,, Not posted ,Yes,Call for price,,,,,,,,,,Cosmetics,,,,
281025,Liquid soap with tea tree oil 226g,,118ml,42,No,,,,,,,,,,,,,,,,,,,Cosmetics,,,,
,Lolla bionda   ,,500g,,,10,Yes,,,,,,,,,,,,,,,,,Vegetables,,,,
341023,Lolla bionda (chemical free),,per piece,8,Yes,,,,,,,,,,,,,,,,,,,Vegetables,,,,
,Lolla Rossa  ,,500g,,,10,yes,,,,,,,,,,,,,,,,,Vegetables,,,,
341024,Lolla rossa (chemical free),,300g,8,Yes,,,,,,,,,,,,,,,,,,,Vegetables,,,,
,Loquat (Bashmala),,1kg,,,32,Yes,,,,,,,,,,,,,,,,,Fruits,,,,
541006,Lotion balls with strawberry,,,59,Yes,,,,,,,,,,,,,,,,,,,Vegetables,,,,
281141,Low - carb baking mix,,453g,58,Yes,,,,,,,,,,,,,,,,,,,Packaged Products,,,,
431013,Low Sodium Salt,Tropical Heat,,44,No,,,,,,,,,,,,,,,,,,,Packaged Products,,,,
721007,Mac & cheese (Frozen),,500g,50,Yes,,,,,,,,,,,,,,,,,,,Packaged Products,,,,
281026,Maca root powder,,75g,40,No,,,,,,,,,,,,,,,,,,,Packaged Products,,,,
,Mango (Alphons),,2kg,,,54,Yes,,,,,,,,,,,,,,,,,Fruits,,,,
,Mango (Owais),,2kg,,,45,Yes,,54,No,27le/1kg,,,,,,,,,,,,,Fruits,,,,
,Mango (Sedik),,2kg,,,54,Yes,,,,,,,,95,,,,,,,,,Fruits,,,,
,Mango (Sokari),,2kg,,,54,Yes,,,,,,,,,,,,,,,,,Fruits,,,,
,Mango (Taymoor),,2kg,,,54,Yes,,50,Yes,,,,,,,,,,,,,,Fruits,,,,
20042,Mango (zebdeya),,1kg,44,No,13.5,Yes,Sold @ 27le/2kg,,,,,,,,,,,,,,,,Fruits,,,,
241006,Mango jam (natural),,500g homemade,60,Yes,,,,,,,,,,,,,,,,,,,Packaged Products,,,,
281090,Manuka honey,ManukaGuard,250g,200,No,,,,,,,,,,,,,,,,,,,Packaged Products,,,,
281113,Manuka honey (large),ManukaGuard,500g,328,Yes,,,,,,,,,,,,,,,,,,,Packaged Products,,,,
281143,Maple sugar (organic),,,80,Yes,,,,,,,,,,,,,,,,,,,Packaged Products,,,,
281102,Maple syrup (organic),Coombs Family Farms,236ml,96,Yes,,,,108.56,Yes,"Primeal, 115le/250ml",,,,,,,,,,,,,Packaged Products,,,,
301013,Marble cake ( Gluten free ),,250g,55,No,,,,,,,,,,,,,,,,,,,,,,,
,Marjoram   ,,100g,,,4,Yes,,,,,,,,,,,,,,,,,Vegetables,,,,
341025,Marjoram (chemical free),,100g,6,Yes,,,,,,,,,,,,,,,,,,,Vegetables,,,,
,Marjoram dried (organic),Imtenan,10g,,,,,,,,,,,,,,,,,,,,,Packaged Products,,,,
281027,Marshmallow root powder,,50g,39,Yes,,,,,,,,,,28,Yes,100g,,,,,,,Packaged Products,,,,
431014,Meat Tenderiser,Tropical Heat,,13,Yes,,,,,,,,,,,,,,,,,,,Packaged Products,,,,
40011,Medjoul dates,,330g,36,No,,,,,,,,,,,,,,,,,,,Dried Fruits/Nuts,,,,
20014,Melon,,1kg,14,Yes,12.33,Yes,Galia Melon @ 18.50/1.5kg,,,,,,,,,,,,,,,,Fruits,,,,
,Mesclun   ,,100g,,,10,Yes,,,,,,,,,,,,,,,,,Vegetables,,,,
341026,Mesclun (chemical free),,100g,8,Yes,,,,,,,,,,,,,,,,,,,Vegetables,,,,
281028,Milk thistle seed powder,,75g,85,Yes,,,,,,,,,,,,,,,,,,,Packaged Products,,,,
281055,Millet ( organic ) 454g,Eden,454g,31.5,Yes,,,,40.86,Yes,"Primeal brand,45le/500g",30,Yes,,,,,,,,,,,Grains,,,,
301014,Milly Gris and Ciocc,,50g,27.5,No,,,,,,,,,,,,,,,,,,,Packaged Products,,,,
301015,Mini pasta ( Gluten free ),Schar,250g,27.5,Yes,,,,,,,,,,,,,,,,,,,Packaged Products,,,,
301022,Mix patisserie (Gluten free),,1kg,62.5,No,,,,,,,,,,,,,,,,,,,Packaged Products,,,,
431015,Mixed Herbs,Tropical Heat,20g,19,Yes,,,,,,,,,,,,,,,,,,,Packaged Products,,,,
40012,Mixed nuts,,250g,59,Yes,,,,56.25,No,45le/200g,,,,,,,,,,,,,Dried Fruits/Nuts,,,,
40013,Mixed nuts (trail mix),,250g,58,Yes,,,,,,,,,,,,,,,,,,,Dried Fruits/Nuts,,,,
40032,Mixed quinoa (white and red) - Peruvian,,500g,78,No,,,,,,,,,,,,,,,,,,,Grains,,,,
431016,Mixed Spices,Tropical Heat,40g,40,Yes,,,,,,,,,,,,,,,,5.43,Yes,"El doha, 9.5le/70g",Packaged Products,,,,
671003,Molokheya (chemical free),,250g,5,No,,,,,,,,,,,,,,,,,,,Vegetables,,,,
461019,Molokheya (organic),,250g,9,Yes,,,,,,,,,,,,,,,,,,,Vegetables,,,,
461020,Moringa ( chemical free ),,100g,22,No,,,,,,,,,,,,,,,,,,,Vegetables,,,,
551001,Moringa leaves - dried ( organic ),,100g,33,No,,,,,,,,,,,,,,,,,,,Packaged Products,,,,
551002,Moringa powder (organic ),,100g,53,No,,,,,,,,,,,,,,,,,,,Packaged Products,,,,
261020,Moroccan mud facial scrub (for younger skin),,120ml,60,Yes,,,,,,,,,,,,,,,,,,,Cosmetics,,,,
281029,Mouth wash with tea tree oil 354ml,,118ml,49.9,No,,,,,,,50,Yes,,,,,,,,,,,Cosmetics,,,,
281058,MU 16 tea (strength and vitality) - George Oshoa,Eden,48g,62,No,,,,,,,,,,,,,,,,,,,Packaged Products,,,,
,Muesli 5 cereal Organic,Primeal,500g,,,,,,49,No,,,,,,,,,,,,,,Packaged Products,,,,
,Muesli Gluten Free,Bob's Red Mill,453g,,,,,,,,, Not posted ,Yes,Call for price,,,,,,,,,,Packaged Products,,,,
,Muesli Old Country Style,Bob's Red Mill,510g,,,,,,,,, Not posted ,Yes,Call for price,,,,,,,,,,Packaged Products,,,,
221005,Muesli with branberry and strawberries ( organic ),alara,,42,Yes,,,,,,,,,,,,,,,,,,,Packaged Products,,,,
221006,"Muesli with fruits, nuts and seeds ( organic )",,,34.2,No,,,,,,,,,,,,,,,,,,,Packaged Products,,,,
221007,Muesli with goji berries and cranberries ( gluten free ),,,57,No,,,,,,,,,,,,,,,,,,,Packaged Products,,,,
221008,"Muesli with mixed berries, oat flakes, and seeds (organic)",alara,,68,Yes,,,,,,,,,,,,,,,,,,,Packaged Products,,,,
221009,"Muesli with quinoa, amaranth, apple, seeds and nuts ( gluten free )",alara,,68,Yes,,,,,,,,,,,,,,,,,,,Packaged Products,,,,
221010,Muesli with seeds and nuts - made from scottish oats ( gluten free ),,,54,No,,,,,,,,,,,,,,,,,,,Packaged Products,,,,
241026,Mulberry jam (natural),,500g,60,No,,,,,,,,,,,,,,,,,,,Packaged Products,,,,
691001,Multigrain bread,,Loaf,34,Yes,,,,,,,,,,,,,,,,,,,Packaged Products,,,,
401001,Multigrain bunns (4 small bunns),,"290-300 g Home made-freshly frozen,and vaccum",30,Yes,,,,,,,,,,,,,,,,,,,Packaged Products,,,,
201002,Multigrain crackers,Finn Crisp,175g,33,No,,,,,,,,,,,,,,,,,,,Packaged Products,,,,
281075,Mung beans,Bob's Red Mill,765g,76,Yes,,,,,,, Not posted ,Yes,Call for price,,,,,,,,,,Packaged Products,,,,
20015,Mushroom,,,22,Yes,15,Yes,qty 250g,12.5,Yes,250g,,,,,,,,,,14.5,Yes,14.5le/250g,Vegetables,,,,
,Mushroom (organic),,200g,,,16,Yes,,21.6,Yes,27le/250g,,,,,,,,,,,,,Vegetables,,,,
341027,mustard leaves (chemical free),,,8,No,6.75,Yes,qty 250g,,,,,,,,,,,,,,,,Vegetables,,,,
541004,Natural deodorant (stick),Bubblzz,,65,Yes,,,,,,,,,,,,,,,,,,,Cosmetics,,,,
221011,Natural hot chocolate with bannana and maca ( organic ),,,70.2,No,,,,,,,,,,,,,,,,,,,Packaged Products,,,,
20016,Nectarine,,500g,5,No,,,,12.5,Yes,,,,,,,,,,,,,,Fruits,,,,
241025,Nectarine jam (natural),,500g,60,No,,,,,,,,,,,,,,,,,,,Packaged Products,,,,
281061,Neem Leaf Powder (organic),,40g,66,Yes,,,,,,,,,,7,yes,"Organic, 35g",,,,,,,Packaged Products,,,,
431017,Nutmeg,Tropical Heat,,29.25,Yes,,,,37,No,"Abido, 37le/80g",,,,,,,,,,,,,Packaged Products,,,,
631006,Nutrition bar with almond butter (natural) - raw,,bar,20,Yes,,,,,,,,,,,,,,,,,,,Packaged Products,,,,
631002,Nutrition bar with blueberries (natural) - raw,,bar,20,Yes,,,,,,,,,,,,,,,,,,,Packaged Products,,,,
631001,"Nutrition bar with chlorella, quinoa, and lin seeds (natural) - raw",,bar,20,Yes,,,,,,,,,,,,,,,,,,,Packaged Products,,,,
631005,Nutrition bar with cocoa and coffee (natural) - raw,,bar,20,Yes,,,,,,,,,,,,,,,,,,,Packaged Products,,,,
631004,Nutrition bar with fig and cinnamon (natural) - raw,,bar,20,Yes,,,,,,,,,,,,,,,,,,,Packaged Products,,,,
631003,Nutrition bar with goji berries (natural) - raw,,bar,20,Yes,,,,,,,,,,,,,,,,,,,Packaged Products,,,,
281072,Nutritional Yeast (gluten free),Bob's Red Mill,226g,102,Yes,,,,,,,,,,,,,,,,,,,Packaged Products,,,,
341028,Oak leaf lettuce (chemical free),,per piece,8,No,,,,,,,,,,,,,,,,,,,Vegetables,,,,
281077,Oat bran,Bob's Red Mill,510g,42,Yes,,,,,,,,,,,,,,,,,,,Grains,,,,
261021,Oat meal soap,,"2 soaps 60g each,100% natural",50,Yes,,,,,,,,,,,,,,,,,,,Cosmetics,,,,
281030,Oat milk ( organic ) 946ml,,946ml,36.75,No,,,,,,, Not posted ,No,Call for availability,,,,,,,,,,Milk/Eggs,,,,
161002,Oat milk ( Original ),,1 L,29,No,,,,29,No,Naturgreen,,,,,,,,,,,,,Milk/Eggs,,,,
,Oatmeal rolled organic,Primeal,500g,,,,,,39,Yes,,,,,,,,,,,,,,Grains,,,,
221012,Oats with apple and cinnamon ( organic ),,,36,No,,,,,,,,,,,,,,,,,,,Packaged Products,,,,
221013,Oats with maca and cocoa (organic) ? super food,Power of Brown Superfoods,,34,Yes,,,,,,,,,,,,,,,,,,,Packaged Products,,,,
221014,Oats with spirulina and barley grass (organic) ? super food,Power of Green Superfoods,,34,Yes,,,,,,,,,,,,,,,,,,,Packaged Products,,,,
,"Oats, hulled Organic",Primeal,500g,,,,,,34,Yes,,,,,,,,,,,,,,Grains,,,,
,Okra,,500g,,,,,,,,,,,,,,,,,,,,,Vegetables,,,,
461021,Okra ( Chemical free ),,500g,30,Yes,,,,24,No,,,,,,,,,,,,,,Vegetables,,,,
671002,Okra (chemical free),,500g,5,No,,,,,,,,,,,,,,,,,,,Vegetables,,,,
241007,Olive oil (extra virgin),,700ml,90,No,63,Yes,"Aquaponics,  45le/ 500ml, 80le/ 1 L",56,Yes,"PONS,40le/500ml",,,,,,,,,,48.16,Yes,"California Garden, 17.2le/250ml",Oils,,,,
401002,Olive oil (thyme infused),Ovio,250ml,50,Yes,,,,,,,,,,,,,,,,,,,Oils,,,,
241008,Olive oil with herbs (extra virgin),,500g,120,Yes,,,,,,,,,,,,,,,,,,,Oils,,,,
591002,Olive salad,,650g,24,Yes,,,,,,,,,,,,,,,,,,,Packaged Products,,,,
,Onions golden,,1kg,,,4,Yes,,3.5,No,7le/500g,,,,,,,,,,,,,Vegetables,,,,
,Onions Golden (aquaponics),,250g,,,5,No,,4,No,"baby onions, 8le/500g ",,,,,,,,,,,,,Vegetables,,,,
,Onions Red,,1kg,,,4.25,Yes,,3.5,No,7le/500g,,,,,,,,,,,,,Vegetables,,,,
,"Onions, Awerma",,1kg,,,5.5,Yes,,,,,,,,,,,,,,,,,Vegetables,,,,
251008,Orange cake (Gluten free) - traces of gluten,,,28,Yes,,,,,,,,,,,,,,,,,,,Packaged Products,,,,
40014,Orange juice(natural),,1 L,22,No,,,,18,No,Rauch Happy Day 100%,,,,,,,,,,19.7,Yes,"Import Caesar, 6.5le/330ml",Packaged Products,,,,
20017,Oranges,,1 Kg,8,No,6.75,Yes,13.50le /2kg,6.5,Yes,,,,,,,,,,,,,,Fruits,,,,
281096,Oreo - chocolate vanilla (gluten free),,,36,Yes,,,,,,,,,,,,,,,,,,,Packaged Products,,,,
,Organic Boletus and Shiitake Creamy soup,NaturGreen,310,,,,,,22,Yes,,,,,,,,,,,,,,Vegetables,,,,
281031,Organic brown rice elbow pasta 340g,Lundberg,340g,45,Yes,,,,,,,45,Yes,,,,,,,,,,,Packaged Products,,,,
201003,Organic crackers,Finn Crisp,200g,33,No,,,,,,,,,,,,,,,,,,,Packaged Products,,,,
,Organic Mediterranean Veg Creamy soup,NaturGreen,310g,,,,,,22,Yes,,,,,,,,,,,,,,Packaged Products,,,,
201004,Original crackers,,200g,33,Yes,,,,,,,,,,,,,,,,,,,Packaged Products,,,,
341029,Pak choi (chemical free),,250g,15,Yes,,,,,,,,,,,,,,,,,,,Vegetables,,,,
281032,pancake mix ( gluten free ) 623g,Bob's Red Mill,623g,50,No,,,,,,,,,,,,,,,,,,,Packaged Products,,,,
20018,Papaya,,500g,8,No,,,,,,,,,,85,Yes,,,,,,,,Fruits,,,,
431018,Paprika,Tropical Heat,,16,Yes,,,,14,Yes,"Abido, 14le/100g",,,,,,,,,,5.5,Yes,"El doha, 5.5le/70g",Packaged Products,,,,
,Parsley French fresh,,100g,,,4,yes,,,,,,,,,,,,,,,,,Vegetables,,,,
,Parsley fresh,,100g,,,2,Yes,,6,Yes,,,,,,,,,,,,,,Vegetables,,,,
,Parsley Organic,,100g,,,,,,4.5,No,,,,,,,,,,,,,,Vegetables,,,,
711001,Peanut butter (natural),,350g contains whey protein and stevia,35,Yes,,,,,,,,,,,,,,,,,,,Dried Fruits/Nuts,,,,
711005,Peanut butter cinamon raisin (natural),,350g contains whey protein and stevia,50,Yes,,,,,,,,,,,,,,,,,,,Dried Fruits/Nuts,,,,
711004,Peanut butter with cocoa (natural),,350g contains whey protein and stevia,60,Yes,,,,,,,,,,,,,,,,,,,Dried Fruits/Nuts,,,,
461022,Peanuts in shell (chemical free),,200g,8,No,,,,,,,,,,,,,,,,,,,Dried Fruits/Nuts,,,,
20019,Pears (American) - imported,,500g,22,No,,,,27,Yes,Qty sold unknown,,,,,,,,,,,,,Fruits,,,,
301016,Penne (gluten free ) - dr schar,Schar,250g,25,Yes,,,,47.5,No,"Ma vie sans gluten,95le/500g",,,,,,,,,,,,,Packaged Products,,,,
,Peppermint  ,,250g,,,4,Yes,,15,Yes,6le/100g,,,,,,,,,,,,,Vegetables,,,,
,Peppermint (organic),,100g,,,4.5,Yes,,29,No,7.25le/25g,,,,,,,,,,,,,Vegetables,,,,
,Peppers (Capsicum) mixed colors,,500g,,,11,Yes,,12.5,No,,,,,,,,,,,11.66,Yes,14le/600g,Vegetables,,,,
431019,Pimento (All Spice),Tropical Heat,,22,No,,,,,,,,,,,,,,,,,,,Packaged Products,,,,
,Pineapple Fresh,,per piece,,,30,Yes,,22.8,Yes,950g - 1.2kg,,,,,,,,,,,,,Fruits,,,,
20020,Pink grapfruit,,1 kg,5,Yes,4.33,Yes,16.50/1.5kg,,,,,,,,,,,,,,,,Fruits,,,,
281079,Pizza crust,Bob's Red Mill,453g,52,Yes,,,,,,, Not posted ,Yes,Call for price,,,,,,,,,,Packaged Products,,,,
241020,Plum jam (natural),,500g,60,Yes,,,,,,,,,,,,,,,,,,,Packaged Products,,,,
291010,Pollen Grains,,140g,73,Yes,,,,,,,,,,,,,,,,,,,Packaged Products,,,,
20021,Pomegranate,,1 Kg,12,No,,,,,,,,,,,,,,,,,,,Fruits,,,,
241009,Pomegranate jam (natural),,500 g Homemade,60,No,,,,,,,,,,,,,,,,,,,Packaged Products,,,,
361005,Pomegranate juice,the berry company,1 L,30,No,,,,30,Yes, ,,,,,,,,,,19.7,Yes,"Import Caesar, 6.5le/330ml",Packaged Products,,,,
60006,Pomegrante tea,,,26.5,No,,,,,,,,,,,,,,,,,,,Packaged Products,,,,
461023,Potatoes (chemical free),,500g,5,Yes,4.65,Yes,18.60le/2 Kg,6,Yes,9le/750g,,,,,,,,,,,,,Vegetables,,,,
,Potatoes Nicola,,1kg,,,4,Yes,,,,,,,,,,,,,,,,,Vegetables,,,,
281033,Power mix powder pouch,,,103,No,,,,,,,,,,,,,,,,,,,Packaged Products,,,,
281117,Protein bar with chocolate,,60g,38,Yes,,,,,,,,,,,,,,,,,,,Packaged Products,,,,
281118,Protein bar with strawberry cheese cake,,60g,38,Yes,,,,,,,,,,,,,,,,,,,Packaged Products,,,,
40015,Prune Juice (natural laxative) 946ML,Taylor Brothers Farms,946 ml,74,Yes,,,,80,Yes,,,,,,,,,,,,,,Packaged Products,,,,
291011,Psyllium husk,,125g,64.8,Yes,,,,,,,,,,,,,,,,,,,Grains,,,,
291012,Psyllium seeds,,300g,30,Yes,,,,,,,,,,,,,,,,,,,Grains,,,,
201005,Pumpernickel bread,Mestemacher,500g,28.75,No,,,,,,,,,,,,,,,,,,,Packaged Products,,,,
20038,Pumpkin (European),,5.5 - 6.5 kg,38,Yes,40,Yes,,,,,,,,,,,,,,,,,Vegetables,,,,
241010,Pumpkin jam (natural),,500 g Homemade,60,Yes,,,,,,,,,,,,,,,,,,,Packaged Products,,,,
241024,Pumpkin jam with caramel (natural),,500g,60,Yes,,,,,,,,,,,,,,,,,,,Packaged Products,,,,
291013,Pumpkin Seeds,,100g,18,No,,,,,,,,,,,,,,,,,,,Dried Fruits/Nuts,,,,
281059,Pumpkin seeds (hulled) - organic,,??,36,No,,,,65,Yes,"no Qty comparison, 65le/250g",165,Yes,680g Bob's Red Mill,,,,,,,,,,Dried Fruits/Nuts,,,,
211004,Punnet 250,,,,No,,,,,,,,,,,,,,,,,,,Home Appliances,,,,
211002,Punnet 500,,,,No,,,,,,,,,,,,,,,,,,,Home Appliances,,,,
361006,Purple superberry juice,the berry company,1 L,30,No,,,,30,Yes, ,,,,,,,,,,,,,Packaged Products,,,,
,Quail - butterflied,,450g,,,,,,45,Yes,,,,,,,,,,,,,,Poultry,,,,
40027,Quinoa - red (Peru),,500g,78,Yes,,,,,,,,,,,,,,,,,,,Grains,,,,
,Quinoa - Red Organic,Eden,454g,,,,,,,,,115,Yes,Eden,,,,,,,,,,Grains,,,,
,Quinoa - white (bolivian) Organic,Primeal,250g,,,,,,49,No,,,,,,,,,,,,,,Grains,,,,
40026,Quinoa - white (Peru),,500g,78,Yes,,,,,,,,,,,,,,,,,,,Grains,,,,
281056,Quinoa ( white ) - organic 454g,Eden,454g,95,Yes,,,,88.98,No,"Primeal,49le/250g",105,Yes,Bob's Red Mill,,,,,,,,,,Grains,,,,
231001,Quinoa (Chemical free) - Local,G.L. Farms (Ahmed Galal),500g,48,No,,,,,,,,,,,,,,,,,,,Grains,,,,
621001,Quinoa (Chemical free) - Local,,500g,42,Yes,,,,,,,,,,,,,,,,,,,Grains,,,,
,Quinoa (red/white) organic,Primeal,500g,,,,,,99,No,,,,,,,,,,,,,,Grains,,,,
,"Quinoa (red/white) with lentils, sesame and carrots",Primeal,500g,,,,,,79,No,,,,,,,,,,,,,,Packaged Products,,,,
,Quinoa Carrot Elbow pasta Organic,Primeal,250g,,,,,,59,No,,,,,,,,,,,,,,Packaged Products,,,,
281069,Quinoa flour (gluten free),Bob's Red Mill,623g,168,Yes,,,,,,,165,Yes,,,,,,,,,,,Grains,,,,
281121,Quinoa fusilli (gluten free),,250g,48,Yes,,,,,,,,,,,,,,,,,,,Packaged Products,,,,
40023,Quinoa pasta (penne) - gluten free,Nature's Earthly choice,500g,60,No,,,,,,,,,,,,,,,,,,,Packaged Products,,,,
281120,Quinoa penne (gluten free),,250g,48,Yes,,,,,,,,,,,,,,,,,,,Packaged Products,,,,
40025,Quinoa soup with lentil,Nature's Earthly choice,,44,Yes,,,,,,,,,,,,,,,,,,,Packaged Products,,,,
40024,Quinoa soup with vegetables (glten free),Nature's Earthly choice,,44,Yes,,,,,,,,,,,,,,,,,,,Packaged Products,,,,
281119,Quinoa spaghetti (gluten free),,250g,48,Yes,,,,,,,,,,,,,,,,,,,Packaged Products,,,,
,Raisins  ,,75g,,,10,Yes,,,,,,,,,,,,,,3.49,Yes,"Abu Auf, 9.3le/200g",Dried Fruits/Nuts,,,,
351024,Raisins (chemical free),,75g,18,Yes,,,,,,,,,,,,,,,,,,,Dried Fruits/Nuts,,,,
241021,Raisins jam (natural),,500g,60,Yes,,,,,,,,,,,,,,,,,,,Packaged Products,,,,
441006,Raspberries ( frozen ),ardo,300g,68.75,Yes,,,,34.5,Yes,115le/1kg,,,,,,,,,,73,Yes,,Fruits,,,,
40017,Raw almonds (shelled) 250g,,250g,44,Yes,,,,47.5,Yes,95le/500g,,,,,,,,,,39.35,Yes,"Abu Auf, 23.61le/150g",Dried Fruits/Nuts,,,,
40018,Raw cashew 250g,,250g,47.5,Yes,,,,,,,,,,,,,,,,30.51,Yes,"Abu Auf, 18.31le/150g",Dried Fruits/Nuts,,,,
40031,Raw hazelnut,,250g,62.5,Yes,,,,,,,,,,,,,,,,,,,Dried Fruits/Nuts,,,,
681001,Raw honey (natural),,475g,40,Yes,,,,,,,,,,25,Yes,10le/100g,,,,,,,Packaged Products,,,,
461040,Raw honey (organic),,250g,48,Yes,,,,,,,,,,,,,,,,,,,Packaged Products,,,,
40030,Raw macadamia nuts,,250g,95,Yes,,,,,,,,,,,,,,,,,,,Dried Fruits/Nuts,,,,
221016,Raw milled linseeds (flax seed meal ) - organic,Of The Earth Superfoods,180g,40,Yes,,,,,,,,,,,,,,,,,,,Dried Fruits/Nuts,,,,
40019,Raw pecan 250g,,250g,74,Yes,,,,75,Yes,30le/100g,,,,,,,,,,,,,Dried Fruits/Nuts,,,,
221017,Raw Peruvian cacao ( organic ),,,68,No,,,,,,,,,,,,,,,,,,,Packaged Products,,,,
40020,Raw pistachio 250g,,250g,63,Yes,,,,,,,,,,,,,,,,39.35,Yes,"Abu Auf, 23.61le/150g",Dried Fruits/Nuts,,,,
281034,Raw sunflower seed ( shelled ) 566g,Bob's Red Mill,566g,65,Yes,,,,76.97,Yes,"Primeal,34le/250g",65,Yes,,,,,,,,,,,Dried Fruits/Nuts,,,,
,Raw walnut (shelled) 250g,,250g,53,Yes,,,,57.5,Yes,"California, 46le/200g",,,,80.14,yes,165le/700g,,,,43.75,Yes,"Abu Auf, 26.25le/150g",Dried Fruits/Nuts,,,,
20022,Red apples (American),,1 kg,28,Yes,28,Yes,,22,Yes,Italian,,,,,,,,,,,,,Fruits,,,,
,Red asparagus            ,,500g,,,42.5,Yes,,,,,,,,,,,,,,,,,Vegetables,,,,
341030,Red asparagus (chemical free),,250g,22,Yes,,,,,,,,,,,,,,,,,,,Vegetables,,,,
,Red cabbage   ,,500g,,,10,Yes,,7,Yes,sold per piece,,,,,,,,,,,,,Vegetables,,,,
461039,Red cabbage (chemical free),,per piece,8,No,,,,,,,,,,,,,,,,,,,Vegetables,,,,
241015,Red carrot jam (natural),,,60,No,,,,,,,,,,,,,,,,,,,Packaged Products,,,,
461025,Red chilli pepper (chemical free),,250g,22,No,6.75,Yes,,7,No,,,,,,,,,,,,,,Vegetables,,,,
,Red curly batavia  ,,500g,,,13.5,Yes,,,,,,,,,,,,,,,,,Vegetables,,,,
341031,Red curly batavia (chemical free),,per piece,15,No,,,,11,No,,,,,,,,,,,,,,Vegetables,,,,
341053,Red endive (chemical free),,per piece,53,No,50,Yes,500g organic,,,,,,,,,,,,,,,,Vegetables,,,,
461026,Red grapes - seedless(organic),,500g,28,No,,,,22,No,seedless,,,,,,,,,,,,,Fruits,,,,
,Red grapes local,,1kg,,,,,,,,,,,,,,,,,,,,,Fruits,,,,
341032,Red iceberg lettuce (chemical free),,,8,Yes,,,,,,,,,,,,,,,,,,,Vegetables,,,,
,Red Onions (organic),,1kg,,,8.75,Yes,,16,No,8le/500g,,,,,,,,,,,,,Vegetables,,,,
20024,Red pears (american) - imported,,500g,20,No,,,,,,,,,,,,,,,,,,,Fruits,,,,
,Red Peppers (Capsicum),,500g,,,11,Yes,,12.5,No,,,,,,,,,,,,,,Vegetables,,,,
20025,Red plums (imported),,Punnet 500g,30,Yes,38.5,Yes,,,,,,,,,,,,,,,,,Fruits,,,,
20044,Red plums (local),,500g,22,No,,,,,,,,,,,,,,,,,,,Fruits,,,,
,Red Radish  ,,500g,,,,,,7,Yes,,,,,,,,,,,,,,Vegetables,,,,
501030,Red Radish (chemical free),,250g,5.5,No,,,,,,,,,,,,,,,,,,,Vegetables,,,,
341034,Red romaine (chemical free),,Per pack,8,No,,,,,,,,,,,,,,,,,,,Vegetables,,,,
361007,Red Superberry juice,,1 L,30,Yes,,,,,,,,,,,,,,,,,,,Packaged Products,,,,
151011,Rib eye steak ( Chemical free ) - frozen,,500g,68,Yes,44,Yes,88le/1kg,,,,,,,,,,,,,,,,Meats,,,,
,"Rice Black Camargue, Organic",Primeal,250g,,,,,,45,Yes,, Not posted ,Yes,"Call for price, Lundberg",,,,,,,,,,Grains,,,,
281070,Rice Bran (gluten free),Bob's Red Mill,510g,52,Yes,,,,,,,35,Yes,,,,,,,,,,,Grains,,,,
,Rice Bran (gluten free) egyptian,,,,n/a,,,,,,,25,Yes,1kg,,,,,,,,,,Grains,,,,
,Rice Cakes Camargue - Organic,Primeal,130g,,,,,,24,No,,,,,,,,,,,,,,Packaged Products,,,,
281035,Rice chips ( Santa fe barbecue ),Lundberg,170g,37.5,Yes,,,,,,,40,Yes,,,,,,,,,,,Packaged Products,,,,
281036,Rice chips ( Sea salt ),Lundberg,170g,37.5,Yes,,,,,,, Not posted ,No,Call for availability,,,,,,,,,,Packaged Products,,,,
,Rice Chips (Honey Dijon),Lundberg,170g,,,,,,,,, Not posted ,Yes,Call for price,,,,,,,,,,Packaged Products,,,,
,Rice Chips (Pico De Gallo),Lundberg,170g,,,,,,,,, Not posted ,Yes,Call for price,,,,,,,,,,Packaged Products,,,,
161003,Rice milk (original),,1 L,31,No,,,,,,, Not posted ,No,Call for availability,,,,,,,,,,Milk/Eggs,,,,
,Rolled oats   ,,500g,,,,,,20,No,comparison as all oats are gluten free prior to processing,,,,,,,,,,,,,Grains,,,,
281142,Rolled Oats (gluten free),,907g,72,Yes,,,,,,, Not posted ,Yes,"Call for price, Bob's Red Mill",,,,,,,,,,Grains,,,,
341035,Roquette (chemical free),,100g,5,Yes,,,,,,,,,,,,,,,,,,,Vegetables,,,,
,Rosemary,,100g,,,3,Yes,,3,Yes,,,,,,,,,,,,,,Vegetables,,,,
341036,Rosemary (chemical free),,per pack,3,Yes,,,,7.25,Yes,"Aquaponics, 7.25le/25g",,,,,,,,,,,,,Vegetables,,,,
431020,Rosemary (dried),Tropical Heat,,14.3,Yes,,,,,,,,,,,,,,,,,,,Packaged Products,,,,
341037,Ruby chard (chemical free) - colored beets,,150g,8,No,16,No,Aquaponics,,,,,,,,,,,,,,,,Vegetables,,,,
,Ruccola [Arugula],,100g,,,4,Yes,,,,,,,,,,,,,,,,,Vegetables,,,,
,Ruccola [Arugula] hydroponics,,100g,,,,,,18,No,,,,,,,,,,,,,,Vegetables,,,,
401003,Rye bread (loaf),,"545-565 g, Home made-freshly frozen,and vaccum",26,No,,,,,,,,,,,,,,,,,,,Packaged Products,,,,
201007,Rye crackers,Finn Crisp,250g,34,No,,,,,,,,,,,,,,,,,,,Packaged Products,,,,
281135,Rye flour light,,622g,34,Yes,,,,,,,,,,,,,,,,,,,Grains,,,,
691002,Rye mix bread,,Loaf,34,Yes,,,,,,,,,,,,,,,,,,,Packaged Products,,,,
,Sage,,100g,,,13.5,Yes,,,,,,,,,,,,,,,,,Vegetables,,,,
341038,Sage (chemical free),,100g,15,Yes,,,,32,Yes,"Aquaponics, 8le/25g",,,,,,,,,,,,,Vegetables,,,,
,Salad flowers   ,,50g,,,20.25,Yes,,,,,,,,,,,,,,,,,Vegetables,,,,
341039,Salad flowers (chemical free),,100g,26,Yes,,,,,,,,,,,,,,,,,,,Vegetables,,,,
431021,Salad Seasoning,Tropical Heat,90g,16.25,Yes,,,,,,,,,,,,,,,,,,,Packaged Products,,,,
451001,Salmon steak,,220-240 g Frozen,62,Yes,,,,50.11,Yes,82le/360g,,,,,,,,,,,,,Fish,,,,
431022,Salt & Vinegar,Tropical Heat,,16,Yes,,,,,,,,,,,,,,,,,,,Packaged Products,,,,
301017,Salted biscuits ( gluten free ),,175g,32,No,,,,,,,,,,,,,,,,,,,Packaged Products,,,,
,Sausage Aussie Beef (Egyptian),,400g,,,,,,39.6,No,,,,,,,,,,,,,,Meats,,,,
,Sausage Aussie Beef (merguez),,400g,,,,,,39.6,Yes,,,,,,,,,,,,,,Meats,,,,
,Sausage Aussie beef (mexican),,400g,,,,,,39.6,Yes,,,,,,,,,,,,,,Meats,,,,
,Sausage Aussie Beef Merguez Snail,,450g,,,,,,44.55,Yes,,,,,,,,,,,,,,Meats,,,,
401004,Scandinavian twisted baguette (tordu),,"290-310 g Home made-freshly frozen,and vaccum",13.6,Yes,,,,,,,,,,,,,,,,,,,Packaged Products,,,,
,Sea salt,Bob's Red Mill,1kg,,n/a,,,,,,,25,Yes,,,,,,,,,,,Packaged Products,,,,
281037,Sea salt ( potugese ) - fine grind 453g,,453g,30,Yes,,,,,,,30,Yes,Eden,,,,,,,,,,Packaged Products,,,,
281145,Sea salt (french - celtic) - fine grind,,397g,44,Yes,,,,,,,45,Yes,Eden,,,,,,,,,,Packaged Products,,,,
,Sea Salt crystals,Maldon,250g,,,,,,39,Yes,,,,,,,,,,,,,,Packaged Products,,,,
431023,Sea Salt grinder,Tropical Heat,105g,40,Yes,,,,,,,,,,,,,,,,,,,Packaged Products,,,,
481001,Secure 16,,,1.5,No,,,,,,,,,,,,,,,,,,,Home Appliances,,,,
481002,Secure 24,,,1.75,No,,,,,,,,,,,,,,,,,,,Home Appliances,,,,
341040,Seed sprouts (chemical free),,Per pack,8,Yes,,,,,,,,,,,,,,,,,,,Vegetables,,,,
281038,Shampo with tea tree oil 473ml,,118ml,68.25,No,,,,,,,,,,,,,,,,,,,Cosmetics,,,,
421005,Shampoo (natural),,200ml,35,Yes,,,,,,,,,,,,,,,,,,,Cosmetics,,,,
261022,Shampoo (normal hair),Healing herbs boutique,250ml,90,Yes,,,,,,,,,,,,,,,,,,,Cosmetics,,,,
261023,Shampoo (oily hair),Healing herbs boutique,250ml,60,No,,,,,,,,,,,,,,,,,,,Cosmetics,,,,
281124,Shampoo with tea tree oil,,475ml,62,Yes,,,,,,, Not posted ,Yes,call for price,,,,,,,,,,Cosmetics,,,,
321002,Shamsy bread (whole grain),,1 loaf,8,Yes,,,,,,,,,,,,,,,,,,,Packaged Products,,,,
541005,Shea butter balm (for hair),,150g,100,Yes,,,,,,,,,,,,,,,,,,,Cosmetics,,,,
331002,Sheep milk cheese,Garcia Baquero,150g,60,Yes,,,,51,Yes,,,,,,,,,,,,,,Milk/Eggs,,,,
,Short grain brown rice,Lundberg,907g,,,,,,,,, Not posted ,Yes,Call for price,,,,,,,,,,Grains,,,,
,Short grain brown rice  ,deliqua,,,,,,, Qty not given ,,,,,,,,,,,,,,,Grains,,,,
281039,Short grain brown rice ( organic ) - eco farmed,Eco Marmed,907g,37.5,Yes,,,,,,,,,,,,,,,,,,,Grains,,,,
281106,Shoyu soy sauce (organic),Eden Organic,,56,Yes,,,,,,, Not posted ,Yes,Call for price,,,,,,,,,,Packaged Products,,,,
,Silver beet   ,,250g,,,6.75,Yes,,,,,,,,,,,,,,,,,Vegetables,,,,
341041,silver beet (chemical free),,,8,No,,,,,,,,,,,,,,,,,,,Vegetables,,,,
221018,Skinny oats with berries and green tea extract ( for weight loss ),Oomf!,,24,Yes,,,,,,,,,,,,,,,,,,,Packaged Products,,,,
261024,Smelling Fresh Deodrant,Healing herbs boutique,100g,45,No,,,,,,,,,,,,,,,,,,,Cosmetics,,,,
10001,Smoked salmon (frozen),,200g Frozen,68,Yes,,,,82,Yes,,,,,,,,,,,,,,Fish,,,,
261025,Soap scrub bar with water melon,,50g,35,No,,,,,,,,,,,,,,,,,,,Cosmetics,,,,
421006,Soothing lotion,,120ml,125,Yes,,,,,,,,,,,,,,,,,,,Cosmetics,,,,
281081,"Sorghum flour (white, sweet)",Bob's Red Mill,623g,42,No,,,,,,,,,,,,,,,,,,,Grains,,,,
691003,Sovital mix bread,,loaf,34,Yes,,,,,,,,,,,,,,,,,,,Packaged Products,,,,
281133,Soy lecitihin granules,,453g,108,Yes,,,,,,, Not posted ,Yes,"Call for price, Bob's Red Mill",,,,,,,,,,Packaged Products,,,,
161004,Soy milk ( light ),,250ml,10,No,,,,,,,,,,,,,,,,,,,Milk/Eggs,,,,
161005,Soy milk (bio),,1 L,30,No,,,,29,Yes,,,,,,,,,,,,,,Milk/Eggs,,,,
281040,Soy protein 680g,,369g,82,Yes,,,,,,,,,,,,,,,,,,,Milk/Eggs,,,,
161006,Soya milk ( Original ),,250ml,10,No,,,,,,,,,,,,,,,,,,,Milk/Eggs,,,,
161007,Soya milk ( special for coffee),,1 L,27,No,,,,,,,,,,,,,,,,,,,Milk/Eggs,,,,
161008,Soya milk with banana,,250ml,10,No,,,,,,,,,,,,,,,,,,,Milk/Eggs,,,,
161009,Soya milk with chocolate ( organic ),,1 Kg,27,No,,,,,,,,,,,,,,,,,,,Milk/Eggs,,,,
161010,Soya milk with red fruits small,,250 ml,9,No,,,,,,,,,,,,,,,,,,,Milk/Eggs,,,,
161011,Soya milk with vanilla,,250 ml,10,No,,,,,,,,,,,,,,,,,,,Milk/Eggs,,,,
301018,Spaghetti ( gluten free ) - dr schar,,250 g,25,No,,,,39.5,Yes,"Ma vie sans gluten,79le/500g",,,,,,,,,,,,,Packaged Products,,,,
,Spaghetti Corn Rice Organic,Ma vie sans gluten,500g,,,,,,79,Yes,,,,,,,,,,,,,,Packaged Products,,,,
,Spaghetti Quinoa Tomato Organic,Primeal,500g,,,,,,59,No,,,,,,,,,,,,,,Packaged Products,,,,
281041,Spanish extra virgin olive oil ( organic ) 473g,Eden Selected,473ml,85,Yes,,,,,,,80,Yes,373ml (small),,,,,,,,,,Oils,,,,
461027,Spearmint (chemical free),,100g,14,No,,,,,,,,,,,,,,,,,,,Vegetables,,,,
401005,Spelt & Rye crackers (cumin),,145-155 g homemade,21,Yes,,,,,,,,,,,,,,,,,,,Packaged Products,,,,
401006,Spelt & Rye crackers (mixed seeds),,Home made,21,Yes,,,,,,,,,,,,,,,,,,,Packaged Products,,,,
401007,Spelt & Rye crackers (sunflower seeds),,144-155 g homemade,24,Yes,,,,,,,,,,,,,,,,,,,Packaged Products,,,,
691004,Spelt bread,,Loaf,50,Yes,,,,,,,,,,,,,,,,,,,Packaged Products,,,,
401008,Spelt bread (loaf),,"425-435 g, Home made-freshly frozen,and vaccum",21,Yes,,,,,,,,,,,,,,,,,,,Packaged Products,,,,
,Spelt Cake Mix Organic,Primeal,300g,,,,,,39,No,,,,,,,,,,,,,,Packaged Products,,,,
,Spelt Flakes,Eden,,,,,,,,,, Not posted ,Yes,Call,,,,,,,,,,Grains,,,,
281080,Spelt flour,Bob's Red Mill,680g,42,Yes,,,,88.4,No,"Primeal, 65le/500g", Not posted ,Yes,Call for price,,,,,,,,,,Grains,,,,
,Spelt Whole Organic,Primeal,500g,,,,,,39,No,, Not posted ,Yes,"Call for price, Bob's Red Mill",,,,,,,,,,Grains,,,,
,Spirulina Powder  ,Imtenan,125g,,,,,,,,,,,,,,,,,,,,,Packaged Products,,,,
281086,Spirulina powder (organic),Starwest Botanicals,113g,124,Yes,,,,,,,,,,,,,,,,,,,Packaged Products,,,,
141008,Spring onion (Chemical free),,250g,7,No,,,,,,,,,,,,,,,,,,,Vegetables,,,,
341042,Sprouts (chemical free),,Per pack,15,No,,,,,,,,,,,,,,,,,,,Vegetables,,,,
281042,St.john's wort powder,,50g,37,Yes,,,,,,,,,,,,,,,,,,,Packaged Products,,,,
241011,Stawberry jam (natural),,500g homemade,60,Yes,,,,58.1,Yes,43le/370g,,,,,,,,,,,,,Packaged Products,,,,
281076,Steel cut oats,Bob's Red Mill,680g,66,Yes,,,,,,, Not posted ,Yes,Call for price,,,,,,,,,,Grains,,,,
281043,Stevia,Wholesome Sweeteners,35g,60,Yes,,,,,,,60,Yes,,,,,,,,,,,Packaged Products,,,,
20026,Strawberry,,250g,10,No,,,,,,,,,,,,,,,,,,,Fruits,,,,
341043,Sucrine lettuce (chemical free),,500g,15,No,,,,,,,,,,,,,,,,,,,Packaged Products,,,,
,Sun dried tomato,,280g,,,,,,39,No,,,,,,,,,,,,,,Vegetables,,,,
241013,Sun dried tomatoes (natural),,500g homemade,55,No,,,,,,,,,,,,,,,,,,,Vegetables,,,,
241018,Sun dried tomatoes with herbs (natural),,600g,120,Yes,,,,,,,,,,12,Yes,18le/750g,,,,,,,Vegetables,,,,
261026,Sun screen with wheatgerm and coconut oil,Healing herbs boutique,125 ml,65,No,,,,,,,,,,,,,,,,,,,Cosmetics,,,,
201008,Sunflower seed bread (organic),Mestemacher,500g,28.75,No,,,,,,,,,,,,,,,,,,,Packaged Products,,,,
20027,Sweet onions,,500g,10,No,,,,,,,,,,,,,,,,,,,Vegetables,,,,
20028,Sweet oranges,,1 Kg,4,No,,,,,,,,,,,,,,,,,,,Fruits,,,,
20029,Sweet peach,,500g,10,No,,,,,,,,,,,,,,,,,,,Fruits,,,,
20030,Sweet pineapples,,Per piece,46,No,,,,29.9,No,29.90le/1kg,,,,,,,,,,,,,Fruits,,,,
461028,sweet potatoes(chemical free),,500g,24,Yes,,,,6,No,12le/1kg,,,,,,,,,,,,,Vegetables,,,,
571001,Sweet red oranges(for eating),,,7,No,,,,,,,,,,,,,,,,,,,Fruits,,,,
581001,Sweet red oranges(for juicing),,1 Kg,7,No,,,,,,,,,,,,,,,,,,,Fruits,,,,
,Sweet red pepper (organic),,500g,,,10.75,Yes,,,,,,,,,,,,,,,,,Vegetables,,,,
,Sweet red-yellow pepper (organic),,500g,,,9.75,Yes,,,,,,,,,,,,,,,,,Vegetables,,,,
,Sweet yellow pepper (organic),,500g,,,10.75,Yes,,,,,,,,7,Yes,,,,,,,,Vegetables,,,,
281105,Tamari soy sauce (organic),,,52,Yes,,,,,,, Not posted ,Yes,Call for price,,,,,,,,,,Packaged Products,,,,
,Tapioca Organic,Primeal,250g,,,,,,45,Yes,,,,,,,,,,,,,,Packaged Products,,,,
,Taro,,2kg,,,21.5,Yes,,,,,,,,,,,,,,,,,Vegetables,,,,
,Tarragon  ,,100g,,,13.5,Yes,,,,,,,,,,,,,,,,,Vegetables,,,,
341044,Tarragon (chemical free),,100g,15,Yes,,,,,,,,,,,,,,,,,,,Vegetables,,,,
151019,T-bone steak (chemical free),,320 - 340g,49,No,,,,,,,,,,,,,,,,,,,Meats,,,,
281123,Tea tree oil,,30ml,66,Yes,,,,,,, Not posted ,Yes,"Call for price, Tea Tree Therapy 60ml",,,,,,,,,,OIls,,,,
281044,Tea tree oil 30ml,,118ml,61.9,No,,,,,,,,,,,,,,,,,,,Oils,,,,
281128,Tea tree oil chest rub,,57g,66,Yes,,,,,,, Not posted ,Yes,"Call for price, Tea Tree Therapy",,,,,,,,,,Cosmetics,,,,
,"Thin Rice & Quinoa Cake, organic",Primeal,130g,,,,,,39,Yes,,,,,,,,,,,,,,Packaged Products,,,,
341045,Thyme (chemical free),,100g,5,Yes,,,,29,Yes,"Aquaponics, 7.25le/25g",,,,,,,,,,,,,Vegetables,,,,
431024,Thyme (dried),,,12.5,Yes,,,,,,,,,,,,,,,,,,,Packaged Products,,,,
,Thyme (fresh),,100g,,,4,Yes,,6,No,3le/50g,,,,,,,,,,,,,Vegetables,,,,
301019,Toast ( gluten free ),,,25,No,,,,,,,,,,,,,,,,,,,Packaged Products,,,,
301020,Toast bread flour ( Gluten free ),,1 kg,71.5,No,,,,,,,,,,,,,,,,,,,Packaged Products,,,,
521001,Tofu,,297g,50,Yes,,,,,,,,,,,,,,,,,,,Packaged Products,,,,
281129,Tofu (organic),,349g,29,Yes,,,,,,,,,,,,,,,,,,,Packaged Products,,,,
721008,Tomato & sauce (Frozen),,500g,40,No,,,,,,,,,,,,,,,,,,,Packaged Products,,,,
461030,Tomato ( chemical free ),,500g,9,Yes,9.75,Yes,Organic     ,,,,,,,,,,,,,,,,Vegetables,,,,
,Tomato Pulp Organic,Biagi,350g,,,,,,17,No,"Jar tomato sauce, no additives",,,,,,,,,,,,,Packaged Products,,,,
,Tomato Red,,500g,,,2.5,Yes,,8,No,,,,,,,,,,,,,,Vegetables,,,,
281126,Tooth paste with tea tree oil,,,38,Yes,,,,,,,,,,,,,,,,,,,Cosmetics,,,,
151012,Top side steak (chemical free) - frozen,,500g,62,Yes,,,,,,,,,,,,,,,,,,,Meats,,,,
181004,Tortillas (whole grain),,200g,31,No,,,,,,,,,,,,,,,,,,,Packaged Products,,,,
201009,Traditional crackers,Finn Crisp,200g,33,Yes,,,,,,,,,,,,,,,,,,,Packaged Products,,,,
601002,Tulsi Green tea (organic),,200 Bags,44,Yes,,,,,,,,,,,,,,,,,,,Packaged Products,,,,
601003,Tulsi masala chia (organic),,,44,No,,,,,,,,,,,,,,,,,,,Packaged Products,,,,
601001,Tulsi original (organic),,18 Bags,44,No,,,,,,,,,,,,,,,,,,,Packaged Products,,,,
281045,Turbinado sugar 881g,Wholesome Sweeteners,881g,63,Yes,,,,,,,60,Yes,,,,,,,,,,,Packaged Products,,,,
321003,Turkey,,7-8kg,374.4,No,,,,324,Yes,8- 9 kg,,,,,,,,,,,,,Poultry,,,,
721003,Turkey meat balls (Frozen),,500g,80,Yes,,,,,,,,,,,,,,,,,,,Poultry,,,,
,TVP - Textured Veg Protein,Bob's Red Mill,,,,,,,,,, Not posted ,Yes,Call for price,,,,,,,,,,Packaged Products,,,,
281046,Unsweetened almond milk,Pacific,946 ml,35,Yes,,,,,,,,,,,,,,,,,,,Milk/Eggs,,,,
281047,Unsweetened soy milk ( Organic ) 946ml,Pacific,946 ml,30,Yes,,,,,,,,,,,,,,,,,,,Milk/Eggs,,,,
281048,Vanilla cake mix ( gluten free ) 539g,Bob's Red Mill,539 g,45,Yes,,,,,,, Not posted ,No,Call for availability,,,,,,,,,,Packaged Products,,,,
281098,Vanilla cookies (gluten free),Sam Mills,,40,Yes,,,,,,,,,,,,,,,,,,,Packaged Products,,,,
281097,Vanilla cream biscuits (gluten free),Sam Mills,,36,Yes,,,,,,,,,,,,,,,,,,,Packaged Products,,,,
,"Veal burger, SA angus",,370g,,,,,,35.15,Yes,,,,,,,,,,,,,,Meats,,,,
,Veal chops Aussie,,400 - 550g,,,,,,162.25,Yes,,,,,25,Yes,,,,,,,,Meats,,,,
151013,Veal cutlets (chemical free) - frozen,,500g,104,Yes,,,,,,,,,,,,,,,,,,,Meats,,,,
151014,Veal escalope (chemical free) - frozenfrozen,,500g,92,Yes, -   ,No,,,,,,,,,,,,,,,,,Meats,,,,
,Veal Escalope Panee SA angus,,500g,,,,,,59.5,Yes,,,,,,,,,,,,,,Meats,,,,
,Veal Escalope SA angus,,500g,,,,,,65,Yes,,,,,,,,,,,,,,Meats,,,,
,"Veal fillet cubes, SA Angus",,500g,,,,,,95,Yes,,,,,,,,,,,,,,Meats,,,,
,Veal Fillet Roast SA Angus,,1kg,,,,,,240,Yes,,,,,,,,,,,,,,Meats,,,,
,"Veal fillet steak, SA angus",,220g,,,,,,52.8,Yes,,,,,,,,,,,,,,Meats,,,,
,"Veal fillet stir-fry, SA angus",,500g,,,,,,95,Yes,,,,,,,,,,,,,,Meats,,,,
,Veal Fillet Whole SA Angus,,1.2 - 1.7 kg,,,,,,391,Yes,,,,,,,,,,,,,,Meats,,,,
,"Veal Forequarter, SA angus",,500g,,,,,,49.5,Yes,,,,,,,,,,,,,,Meats,,,,
,Veal Kofta SA angus,,450g,,,,,,42.75,Yes,,,,,,,,,,,,,,Meats,,,,
,Veal Leg Boneless NZ,,2kg,,,,,,178,Yes,,,,,,,,,,,,,,Meats,,,,
151015,Veal liver (chemical free) - frozen,,500g,90,No,,,,21,No,Toxin free - South African veal liver strips (also sliced sold at 22.50le),,,,,,,,,,,,,Meats,,,,
,Veal meatballs SA angus,,450g,,,,,,42.75,Yes,,,,,,,,,,,,,,Meats,,,,
151018,Veal mince (chemical free) - frozen,,500g,104,Yes,,,,44.5,Yes,SA angus veal,,,,,,,,,,,,,Meats,,,,
,Veal Osso Bucco Aussie,,1kg,,,,,,234,Yes,,,,,,,,,,,,,,Meats,,,,
151016,Veal Picatta (chemical free) - frozen,,500g,104,Yes,,,,,,,,,,,,,,,,,,,Meats,,,,
,Veal Rack Aussie (4 ribs),,1kg,,,,,,406,Yes,,,,,,,,,,,,,,Meats,,,,
,Veal Ribeye Roast SA Angus,,1kg,,,,,,190,Yes,,,,,,,,,,,,,,Meats,,,,
,Veal Ribeye Steak SA angus,,500g,,,,,,95,Yes,,,,,,,,,,,,,,Meats,,,,
,Veal Ribeye Whole SA angus,,1.8 - 2.3 kg,,,,,,414,Yes,,,,,,,,,,,,,,Meats,,,,
,Veal Sausage SA Angus (german),,400g,,,,,,39.6,Yes,,,,,,,,,,,,,,Meats,,,,
,Veal Shank baby NZ,,700g,,,,,,69,yes,,,,,,,,,,,,,,Meats,,,,
,Veal Sirloin Roast SA Angus,,1kg,,,,,,150,Yes,,,,,,,,,,,,,,Meats,,,,
,Veal Sirloin Steak SA angus,,500g,,,,,,75,Yes,,,,,,,,,,,,,,Meats,,,,
,"Veal Sirloin Whole, SA Angus",,3.2 - 3.7 kg,,,,,,518,Yes,,,,,,,,,,,,,,Meats,,,,
,Veal strips SA angus,,500g,,,,,,60,Yes,,,,,,,,,,,,,,Meats,,,,
,Veal Topside Roast SA angus,,1kg,,,,,,110,Yes,,,,,,,,,,,,,,Meats,,,,
,Veal Topside steak SA angus,,500g,,,,,,55,Yes,,,,,,,,,,,,,,Meats,,,,
,Vollkornbrot Fitness Bread,Mestemacher,500g,,,,,,22,Yes,,,,,,,,,,,,,,Packaged Products,,,,
301021,Wafer with chocolate ( Gluten free ),,40g,24,No,,,,,,,,,,,,,,,,,,,Packaged Products,,,,
20035,Water melon,,5 - 6 kg,48,Yes,33.75,Yes,,32.5,No,71.50le/11kg,,,,,,,,,,,,,Fruits,,,,
461035,Water melon (chemical free),,Per piece,42,No,,,,,,,,,,,,,,,,,,,Fruits,,,,
,Watercress   ,,100g,,,4,Yes,,,,,,,,,,,,,,,,,Vegetables,,,,
341046,Watercress (chemical free),,100g,8,Yes,,,,7.6,No,Hydroponics ,,,,,,,,,,,,,Vegetables,,,,
281049,Weight loss powder,,,57,No,,,,,,,,,,,,,,,,,,,Packaged Products,,,,
591001,Wheat flour (sprouted) - natural,,1kg,54,Yes,,,,,,,,,,,,,,,,,,,Grains,,,,
281136,Wheat germ,,340g,38,Yes,,,,,,,,,,,,,,,,,,,Grains,,,,
171002,Wheat germ miracle,Nature's selection,400g,53,Yes,,,,55,Yes,,,,,,,,,,,,,,Packaged Products,,,,
,Wheat Grass Powder,Imtenan,110g,,,,,,,,,,,,,,,,,,,,,Packaged Products,,,,
281067,Whey protein (pure),Bob's Red Mill,340g,145,Yes,,,,,,,140,Yes,,,,,,,,,,,Packaged Products,,,,
,White eggplant (baby) ,,1kg,,,9.5,Yes,,12,No,6le/500g,,,,,,,,,,,,,Vegetables,,,,
461036,White eggplant (organic),,500g,13.5,Yes,,,,11,Yes,,,,,,,,,,,,,,Vegetables,,,,
341054,White endive (chemical free),,500g,54,No,45,Yes,organic,,,,,,,,,,,,,,,,Vegetables,,,,
,White flour - egyptian,,1kg,,,,,,6,Yes,,,,,,,,,,,,,,Grains,,,,
651003,White flour (chemical free) - local,,800 g,19,No,,,,,,,,,,,,,,,,,,,Grains,,,,
,White grapes  ,,1kg,,,10,Yes,,,,,,,,,,,,,,,,,Fruits,,,,
461031,White grapes (organic),,500g,28,No,,,,,,,,,,,,,,,,,,,Fruits,,,,
20032,White onion,,500g,3,Yes,,,,,,,,,,,,,,,,,,,Vegetables,,,,
311002,White quinoa (organic),,500g,60,No,,,,98,No,"Primeal, 49le/250g",,,,,,,,,,,,,Grains,,,,
,White rice - egyptian,el doha,1kg,,,,,,7.25,Yes,,,,,,,,,,,,,,Grains,,,,
651001,White rice (chemical free) - local,,950 g,18,No,,,,,,,,,,128,Yes,,,,,,,,Grains,,,,
721004,White sauce (Frozen),,500g,45,Yes,,,,,,,,,,,,,,,,,,,Packaged Products,,,,
60009,White tea (organic),,,28,No,,,,,,,,,,,,,,,,,,,Packaged Products,,,,
60010,White tea with fennel & peppermint (organic),,,33,No,,,,,,,,,,,,,,,,,,,Packaged Products,,,,
60003,White tea with fennel and peppermint (organic),,20 bags Organic,28,No,,,,,,,,,,,,,,,,,,,Packaged Products,,,,
361008,White tea with peach,the berry company,1 L,30,No,,,,30,Yes,,,,,,,,,,,,,,Packaged Products,,,,
281050,Whitening tooth paste with tea tree oil,,118 ml,36.9,No,,,,,,,35,Yes,85g,,,,,,,,,,Cosmetics,,,,
80005,Whole chicken,,1 kg,45,Yes,,,,39,Yes,,,,,,,,,,,30.75,Yes,Sadia,Poultry,,,,
531005,Whole Chicken (chemical free),,1100-1200g,50,No,,,,,,,,,,,,,,,,,,,Poultry,,,,
201010,Whole grain crackers with coriander,Finn Crisp,180g,33,Yes,,,,,,,,,,,,,,,,,,,Packaged Products,,,,
201011,Whole grain crackers with garlic,Finn Crisp,175g,33,No,,,,,,,,,,,,,,,,,,,Packaged Products,,,,
361009,Whole grain rice cakes (low fat)-lightly salted),,130g,24,No,,,,,,,,,,,,,,,,,,,Packaged Products,,,,
361010,Whole grain rice cakes (organic) low fat - lightly salted,,130g,24,No,,,,,,,,,,,,,,,,,,,Packaged Products,,,,
131001,Whole meal flour,,1kg,8,Yes,,,,6.5,Yes,,,,,,,,,,,,,,Grains,,,,
201013,Whole rye bread (organic),,500g,29,No,,,,,,,,,,,,,,,,,,,Packaged Products,,,,
,Whole wheat flour - egyptian,,1kg,,,,,,6.5,Yes,,,,,,,,,,,,,,Grains,,,,
651004,Whole wheat flour (chemical free) - local,,800 g,19,No,,,,,,,,,,,,,,,,,,,Grains,,,,
651002,Whole wheat grains (chemical free) - local,,1 kg,19,No,,,,,,,,,,,,,,,,,,,Grains,,,,
201012,Wholegrain crackers,Finn Crisp,190g,33,No,,,,,,,,,,,,,,,,,,,Packaged Products,,,,
281134,Wild & brown rice mix (gluten free),,765g,58,Yes,,,,,,,60,Yes,Bob's Red Mill,,,,,,,,,,Grains,,,,
641003,Wild habaq[Basil] (chemical free),,50g,40,Yes,,,,,,,,,,,,,,,,,,,Vegetables,,,,
641005,Wild marjoram (chemical free),,50g,42,Yes,,,,,,,,,,,,,,,,,,,Vegetables,,,,
281051,Wild rice ( organic ) 227g,Lundberg,227g,85,Yes,,,,,,,85,Yes,227g,,,,,,,,,,Grains,,,,
281109,Wild rice cakes (organic) - gluten free,Lundberg,,42,Yes,,,,,,,,,,,,,,,,,,,Packaged Products,,,,
641002,Wild rosemary (chemical free),,50g,40,Yes,,,,,,,,,,,,,,,,,,,Vegetables,,,,
641004,Wild sage - salvia (chemical free),,50g,40,Yes,,,,,,,,,,,,,,,,,,,Vegetables,,,,
641001,Wild thyme (chemical free),,50g,40,Yes,,,,,,,,,,,,,,,,,,,Vegetables,,,,
281138,Xanthan gum (gluten free),,226g,132,Yes,,,,,,,,,,,,,,,,,,,Packaged Products,,,,
20036,Yellow apples,,1 kg,26,Yes,26.5,Yes,,21,Yes,,,,,,,,,,,,,,Fruits,,,,
461032,Yellow carrot ( chemical free ),,500g,15,No,7.5,Yes,,11,No,,,,,,,,,,,,,,Vegetables,,,,
701001,Yellow carrots,,500g,6,Yes,4,Yes,,5,Yes,,,,,,,,,,,,,,Vegetables,,,,
20031,Yellow Grapefruit,,1 kg,6,Yes,,,,,,,,,,,,,,,,,,,Fruits,,,,
,Yellow Peppers (Capsicum) ,,500g,,,11,Yes,,12.5,No,,,,,,,,,,,,,,Vegetables,,,,
,Zucchini,,500g,,,4,Yes,,7,no,,,,,,,,,,,,,,Vegetables,,,,
461033,Zucchini (chemical free),,500g,7.5,No,,,,,,,,,,,,,,,,,,,Vegetables,,,,
671001,Zucchini (chemical free),,500g,6,No,,,,,,,,,,,,,,,,,,,Vegetables,,,,
461041,Zucchini (organic),,500g,14,Yes,,,,,,,,,,,,,,,,,,,Vegetables,,,,
,Zucchini flowers   ,,100g,,,20,Yes,,25,No,Sold per piece,,,,,,,,,,,,,Vegetables,,,,
341047,Zucchini flowers (chemical free),,100g,22,No,,,,55,Yes,Sold zucchini w/ flower 11le@ 500g,,,,,,,,,,,,,Vegetables,,,,
241014,Zucchini jam with pistachio & mastic (natural),,500g,100,Yes,,,,,,,,,,,,,,,,,,,Vegetables,,,,
